"","matchIDs"
"1",1
"2",2
"3",3
"4",4
"5",5
"6",6
"7",7
"8",8
"9",9
"10",10
"11",11
"12",12
"13",13
"14",14
"15",15
"16",16
"17",17
"18",18
"19",19
"20",20
"21",21
"22",22
"23",23
"24",24
"25",25
"26",27
"27",28
"28",29
"29",30
"30",31
"31",32
"32",33
"33",34
"34",35
"35",37
"36",38
"37",40
"38",41
"39",42
"40",43
"41",44
"42",45
"43",46
"44",47
"45",48
"46",49
"47",50
"48",51
"49",52
"50",53
"51",55
"52",56
"53",57
"54",58
"55",59
"56",60
"57",61
"58",62
"59",63
"60",64
"61",65
"62",66
"63",67
"64",68
"65",69
"66",70
"67",72
"68",73
"69",74
"70",75
"71",76
"72",77
"73",79
"74",81
"75",82
"76",83
"77",84
"78",86
"79",88
"80",89
"81",90
"82",91
"83",92
"84",93
"85",94
"86",95
"87",96
"88",97
"89",98
"90",99
"91",100
"92",101
"93",102
"94",103
"95",104
"96",105
"97",106
"98",107
"99",108
"100",109
"101",110
"102",111
"103",112
"104",113
"105",114
"106",115
"107",116
"108",117
"109",118
"110",120
"111",121
"112",122
"113",123
"114",124
"115",125
"116",126
"117",127
"118",128
"119",129
"120",130
"121",132
"122",133
"123",134
"124",135
"125",136
"126",137
"127",140
"128",141
"129",142
"130",143
"131",144
"132",145
"133",146
"134",147
"135",148
"136",149
"137",150
"138",151
"139",152
"140",153
"141",156
"142",158
"143",159
"144",160
"145",161
"146",162
"147",163
"148",164
"149",165
"150",166
"151",167
"152",171
"153",172
"154",173
"155",174
"156",175
"157",177
"158",178
"159",179
"160",180
"161",181
"162",182
"163",183
"164",184
"165",185
"166",186
"167",187
"168",188
"169",189
"170",190
"171",191
"172",193
"173",195
"174",196
"175",199
"176",200
"177",201
"178",202
"179",203
"180",204
"181",205
"182",206
"183",207
"184",208
"185",209
"186",210
"187",211
"188",212
"189",213
"190",214
"191",216
"192",217
"193",218
"194",220
"195",221
"196",222
"197",223
"198",225
"199",227
"200",228
"201",231
"202",232
"203",233
"204",234
"205",235
"206",236
"207",237
"208",238
"209",239
"210",240
"211",241
"212",243
"213",244
"214",245
"215",246
"216",247
"217",250
"218",252
"219",253
"220",254
"221",255
"222",256
"223",257
"224",258
"225",261
"226",262
"227",263
"228",264
"229",267
"230",268
"231",269
"232",271
"233",272
"234",273
"235",275
"236",277
"237",278
"238",279
"239",282
"240",283
"241",284
"242",285
"243",287
"244",288
"245",289
"246",291
"247",292
"248",293
"249",294
"250",295
"251",296
"252",297
"253",298
"254",299
"255",300
"256",301
"257",302
"258",303
"259",304
"260",305
"261",306
"262",307
"263",308
"264",309
"265",310
"266",311
"267",314
"268",315
"269",316
"270",317
"271",318
"272",319
"273",320
"274",321
"275",322
"276",323
"277",325
"278",326
"279",327
"280",328
"281",329
"282",330
"283",331
"284",333
"285",335
"286",336
"287",337
"288",338
"289",339
"290",340
"291",341
"292",342
"293",343
"294",344
"295",345
"296",347
"297",348
"298",350
"299",351
"300",352
"301",353
"302",356
"303",357
"304",359
"305",360
"306",361
"307",362
"308",364
"309",365
"310",366
"311",367
"312",368
"313",370
"314",371
"315",373
"316",374
"317",375
"318",376
"319",377
"320",378
"321",379
"322",380
"323",381
"324",382
"325",383
"326",385
"327",386
"328",387
"329",388
"330",389
"331",390
"332",391
"333",392
"334",393
"335",394
"336",395
"337",396
"338",397
"339",398
"340",401
"341",402
"342",403
"343",404
"344",405
"345",407
"346",408
"347",409
"348",410
"349",411
"350",412
"351",414
"352",415
"353",416
"354",417
"355",418
"356",420
"357",421
"358",422
"359",423
"360",424
"361",426
"362",427
"363",428
"364",429
"365",430
"366",431
"367",432
"368",433
"369",435
"370",436
"371",437
"372",438
"373",441
"374",443
"375",444
"376",445
"377",446
"378",447
"379",449
"380",452
"381",454
"382",456
"383",457
"384",459
"385",460
"386",461
"387",462
"388",463
"389",464
"390",465
"391",466
"392",468
"393",469
"394",470
"395",472
"396",473
"397",474
"398",475
"399",476
"400",477
"401",478
"402",481
"403",482
"404",485
"405",486
"406",487
"407",491
"408",492
"409",493
"410",494
"411",496
"412",498
"413",499
"414",500
"415",501
"416",502
"417",503
"418",504
"419",507
"420",508
"421",509
"422",510
"423",511
"424",512
"425",513
"426",515
"427",517
"428",518
"429",521
"430",524
"431",525
"432",526
"433",528
"434",532
"435",535
"436",536
"437",537
"438",539
"439",540
"440",541
"441",542
"442",545
"443",546
"444",548
"445",549
"446",550
"447",552
"448",553
"449",554
"450",555
"451",557
"452",558
"453",559
"454",561
"455",565
"456",566
"457",568
"458",569
"459",570
"460",571
"461",572
"462",573
"463",574
"464",575
"465",576
"466",577
"467",579
"468",580
"469",583
"470",586
"471",587
"472",589
"473",590
"474",591
"475",592
"476",594
"477",595
"478",597
"479",598
"480",600
"481",601
"482",604
"483",605
"484",606
"485",607
"486",609
"487",611
"488",612
"489",613
"490",614
"491",618
"492",620
"493",621
"494",623
"495",626
"496",627
"497",628
"498",630
"499",634
"500",635
"501",637
"502",638
"503",640
"504",643
"505",644
"506",646
"507",648
"508",650
"509",651
"510",652
"511",653
"512",654
"513",656
"514",657
"515",658
"516",90006
"517",90007
"518",90008
"519",90026
"520",90036
"521",90056
"522",90071
"523",90078
"524",90085
"525",90119
"526",90138
"527",90139
"528",90154
"529",90155
"530",90176
"531",90251
"532",90259
"533",90369
"534",90372
"535",90406
"536",90425
"537",90448
