"","ID_","AgeMos","lnmediatimespent","sqrtmediatimespent"
"1",1,15.2443532943726,4.94876003265381,11.8321599960327
"2",1,7.78644752502441,5.46383190155029,15.3297100067139
"3",2,24.1478443145752,4.79579067230225,10.9544515609741
"4",2,42.9404525756836,3.43398714065552,5.47722578048706
"5",2,6.7351131439209,4.33073329925537,8.66025447845459
"6",2,60.7145805358887,4.79579067230225,10.9544515609741
"7",3,9.49486637115479,5.88887786865234,18.9736652374268
"8",4,5.84804916381836,3.43398714065552,5.47722578048706
"9",4,31.605749130249,4.11087369918823,7.74596691131592
"10",5,17.3141689300537,5.19849681854248,13.416407585144
"11",5,24.1478443145752,5.60211896896362,16.431676864624
"12",5,62.3572883605957,4.51085948944092,9.48683261871338
"13",5,42.3819313049316,5.48479700088501,15.4919338226318
"14",5,6.96509218215942,4.51085948944092,9.48683261871338
"15",6,14.7186861038208,2.7725887298584,3.87298345565796
"16",6,24.2135524749756,4.79579067230225,10.9544515609741
"17",6,6.86652994155884,5.01727962493896,12.2474489212036
"18",7,24.509241104126,5.27811479568481,13.9642400741577
"19",7,6.34086227416992,3.04452252388,4.4721360206604
"20",7,15.0472278594971,5.96870756149292,19.7484169006348
"21",8,24.114990234375,4.11087369918823,7.74596691131592
"22",8,39.786449432373,4.11087369918823,7.74596691131592
"23",8,56.6406555175781,4.11087369918823,7.74596691131592
"24",8,5.74948644638062,4.11087369918823,7.74596691131592
"25",9,7.12936353683472,5.48479700088501,15.4919338226318
"26",9,24.3449687957764,5.01727962493896,12.2474489212036
"27",10,25.8891162872314,5.01727962493896,12.2474489212036
"28",10,7.26078033447266,3.82864141464233,6.70820379257202
"29",10,47.0472297668457,0,0
"30",11,46.0616035461426,4.51085948944092,9.48683261871338
"31",11,24.0164279937744,6.39859485626221,24.4948978424072
"32",11,7.03080081939697,6.69826793670654,28.4604988098145
"33",11,16.8542098999023,5.01727962493896,12.2474489212036
"34",12,28.0903491973877,6.2934193611145,23.2378997802734
"35",12,8.27926063537598,5.48479700088501,15.4919338226318
"36",12,42.3162231445312,4.11087369918823,7.74596691131592
"37",13,16.2628345489502,5.35185813903809,14.4913768768311
"38",13,6.37371683120728,4.51085948944092,9.48683261871338
"39",13,24.8706359863281,5.19849681854248,13.416407585144
"40",14,7.75359344482422,5.01727962493896,12.2474489212036
"41",14,24.8049278259277,6.46302938461304,25.2982215881348
"42",14,60.2217674255371,5.35185813903809,14.4913768768311
"43",14,16.3613967895508,6.2934193611145,23.2378997802734
"44",14,45.437370300293,4.51085948944092,9.48683261871338
"45",15,42.2505149841309,5.88887786865234,18.9736652374268
"46",15,24.5749492645264,6.17586708068848,21.9089031219482
"47",15,15.3757696151733,5.88887786865234,18.9736652374268
"48",15,8.0164270401001,5.35185813903809,14.4913768768311
"49",15,60.2546195983887,5.01727962493896,12.2474489212036
"50",16,6.50513362884521,5.19849681854248,13.416407585144
"51",16,24.114990234375,5.48479700088501,15.4919338226318
"52",16,15.3757696151733,5.88887786865234,18.9736652374268
"53",17,25.3305950164795,4.66343927383423,10.2469511032104
"54",17,15.1786451339722,3.82864141464233,6.70820379257202
"55",17,6.20944547653198,4.11087369918823,7.74596691131592
"56",18,29.0431213378906,4.79579067230225,10.9544515609741
"57",18,17.5441474914551,5.35185813903809,14.4913768768311
"58",18,42.9733047485352,4.79579067230225,10.9544515609741
"59",18,9.72484588623047,5.88887786865234,18.9736652374268
"60",19,60.4517440795898,2.7725887298584,3.87298345565796
"61",19,42.3490753173828,3.43398714065552,5.47722578048706
"62",19,6.24229955673218,4.11087369918823,7.74596691131592
"63",19,24.114990234375,4.51085948944092,9.48683261871338
"64",19,15.3100614547729,4.70953035354614,10.4880886077881
"65",20,12.3531827926636,4.51085948944092,9.48683261871338
"66",20,27.4332656860352,2.39789533615112,3.16227769851685
"67",21,24.7720737457275,5.35185813903809,14.4913768768311
"68",22,24.114990234375,4.51085948944092,9.48683261871338
"69",22,6.27515411376953,4.11087369918823,7.74596691131592
"70",22,16.7556476593018,4.61512041091919,10
"71",23,26.447639465332,5.22574663162231,13.6014709472656
"72",23,6.93223810195923,4.02535152435303,7.41619825363159
"73",24,66.8911666870117,5.70711040496826,17.3205089569092
"74",24,34.3983573913574,5.01727962493896,12.2474489212036
"75",24,7.45790576934814,4.11087369918823,7.74596691131592
"76",25,16.0328540802002,5.19849681854248,13.416407585144
"77",25,6.27515411376953,5.01727962493896,12.2474489212036
"78",25,26.1519508361816,5.70711040496826,17.3205089569092
"79",27,28.1560573577881,5.01727962493896,12.2474489212036
"80",27,17.3798770904541,3.43398714065552,5.47722578048706
"81",27,6.04517459869385,5.01727962493896,12.2474489212036
"82",28,6.27515411376953,4.11087369918823,7.74596691131592
"83",28,15.5071868896484,5.01727962493896,12.2474489212036
"84",28,24.7063655853271,5.01727962493896,12.2474489212036
"85",29,42.2833671569824,3.93182563781738,7.07106781005859
"86",29,5.9794659614563,3.43398714065552,5.47722578048706
"87",29,15.1129360198975,4.02535152435303,7.41619825363159
"88",29,25.5277214050293,4.11087369918823,7.74596691131592
"89",29,60.9445571899414,4.33073329925537,8.66025447845459
"90",30,5.88090372085571,4.66343927383423,10.2469511032104
"91",30,62.0616035461426,4.45434713363647,9.21954441070557
"92",30,26.5133476257324,6.04263305664062,20.4939022064209
"93",31,61.0759735107422,4.51085948944092,9.48683261871338
"94",31,27.2689933776855,0,0
"95",31,51.3182754516602,0,0
"96",31,6.27515411376953,3.04452252388,4.4721360206604
"97",31,15.5400409698486,4.51085948944092,9.48683261871338
"98",32,24.2135524749756,6.06610822677612,20.7364406585693
"99",32,6.47227907180786,4.79579067230225,10.9544515609741
"100",33,42.0533866882324,4.11087369918823,7.74596691131592
"101",33,25.5605754852295,4.11087369918823,7.74596691131592
"102",33,60.2217674255371,4.11087369918823,7.74596691131592
"103",33,6.6036958694458,4.11087369918823,7.74596691131592
"104",34,6.11088275909424,5.01727962493896,12.2474489212036
"105",34,25.7905540466309,4.11087369918823,7.74596691131592
"106",35,14.751540184021,5.01727962493896,12.2474489212036
"107",35,7.42505121231079,4.11087369918823,7.74596691131592
"108",37,60.2874755859375,4.79579067230225,10.9544515609741
"109",37,6.01232051849365,5.8021183013916,18.165901184082
"110",37,24.2464065551758,5.48479700088501,15.4919338226318
"111",37,16.1314163208008,5.88887786865234,18.9736652374268
"112",37,42.3490753173828,0,0
"113",38,5.71663236618042,5.60211896896362,16.431676864624
"114",40,6.04517459869385,5.35185813903809,14.4913768768311
"115",41,66.2997970581055,5.01727962493896,12.2474489212036
"116",41,6.20944547653198,3.43398714065552,5.47722578048706
"117",42,15.3757696151733,4.11087369918823,7.74596691131592
"118",42,25.1006164550781,3.04452252388,4.4721360206604
"119",42,5.9466118812561,3.43398714065552,5.47722578048706
"120",42,44.3203277587891,4.11087369918823,7.74596691131592
"121",43,24.0821361541748,4.94876003265381,11.8321599960327
"122",43,14.5544147491455,5.70711040496826,17.3205089569092
"123",43,6.17659139633179,4.51085948944092,9.48683261871338
"124",44,62.0287475585938,4.26268005371094,8.36660003662109
"125",44,24.1806983947754,4.11087369918823,7.74596691131592
"126",44,43.4004096984863,4.51085948944092,9.48683261871338
"127",44,6.24229955673218,4.66343927383423,10.2469511032104
"128",45,41.0020523071289,4.8751974105835,11.4017543792725
"129",45,24.0821361541748,5.8021183013916,18.165901184082
"130",45,15.441478729248,5.56452035903931,16.1245155334473
"131",45,6.04517459869385,5.35185813903809,14.4913768768311
"132",46,24.4763851165771,5.19849681854248,13.416407585144
"133",46,15.2772073745728,5.60211896896362,16.431676864624
"134",46,6.20944547653198,4.79579067230225,10.9544515609741
"135",47,24.3121147155762,4.79579067230225,10.9544515609741
"136",47,6.14373731613159,3.43398714065552,5.47722578048706
"137",47,61.9630393981934,3.43398714065552,5.47722578048706
"138",47,41.0677604675293,3.43398714065552,5.47722578048706
"139",47,15.3100614547729,4.11087369918823,7.74596691131592
"140",48,45.6016426086426,0,0
"141",48,25.2320327758789,4.51085948944092,9.48683261871338
"142",48,61.108829498291,4.11087369918823,7.74596691131592
"143",48,13.9958934783936,4.70953035354614,10.4880886077881
"144",48,6.17659139633179,4.11087369918823,7.74596691131592
"145",49,6.27515411376953,2.7725887298584,3.87298345565796
"146",50,27.1047229766846,5.11198759078979,12.845232963562
"147",50,6.04517459869385,4.51085948944092,9.48683261871338
"148",50,58.5133476257324,4.91265487670898,11.6189498901367
"149",50,45.2731018066406,5.37527847290039,14.662878036499
"150",50,15.8357286453247,5.25227355957031,13.7840490341187
"151",51,58.6447639465332,5.01727962493896,12.2474489212036
"152",51,41.4620132446289,5.20400667190552,13.4536237716675
"153",51,17.3141689300537,4.66343927383423,10.2469511032104
"154",51,7.19507169723511,3.93182563781738,7.07106781005859
"155",51,26.5462017059326,4.11087369918823,7.74596691131592
"156",52,16.4271049499512,4.11087369918823,7.74596691131592
"157",52,24.0164279937744,5.19849681854248,13.416407585144
"158",52,5.88090372085571,4.51085948944092,9.48683261871338
"159",53,5.74948644638062,4.79579067230225,10.9544515609741
"160",53,74.0205307006836,5.11198759078979,12.845232963562
"161",55,58.546199798584,3.71357202529907,6.32455539703369
"162",55,16.1314163208008,4.94876003265381,11.8321599960327
"163",55,41.5277214050293,4.94876003265381,11.8321599960327
"164",55,6.6036958694458,3.43398714065552,5.47722578048706
"165",55,27.6960983276367,4.39444923400879,8.9442720413208
"166",56,5.84804916381836,5.01727962493896,12.2474489212036
"167",56,24.5420951843262,5.19849681854248,13.416407585144
"168",57,44.6488723754883,5.70711040496826,17.3205089569092
"169",57,70.4065704345703,4.79579067230225,10.9544515609741
"170",57,6.20944547653198,4.51085948944092,9.48683261871338
"171",57,24.5749492645264,5.30330467224121,14.1421356201172
"172",57,15.7700204849243,5.8021183013916,18.165901184082
"173",58,24.0492820739746,6.04263305664062,20.4939022064209
"174",58,58.5133476257324,5.19849681854248,13.416407585144
"175",58,5.91375780105591,4.51085948944092,9.48683261871338
"176",58,15.7700204849243,5.8021183013916,18.165901184082
"177",58,44.0246391296387,4.79579067230225,10.9544515609741
"178",59,6.07802867889404,4.11087369918823,7.74596691131592
"179",59,24.9034900665283,5.35185813903809,14.4913768768311
"180",59,13.9301843643188,5.01727962493896,12.2474489212036
"181",60,15.2443532943726,5.01727962493896,12.2474489212036
"182",60,58.2505149841309,4.61512041091919,10
"183",60,29.0102672576904,5.42053508758545,15
"184",61,5.81519508361816,4.79579067230225,10.9544515609741
"185",61,24.7063655853271,5.19849681854248,13.416407585144
"186",61,15.9671459197998,5.11198759078979,12.845232963562
"187",62,25.5934295654297,4.26268005371094,8.36660003662109
"188",62,58.4804916381836,5.01727962493896,12.2474489212036
"189",62,6.01232051849365,5.01727962493896,12.2474489212036
"190",62,46.7515411376953,4.51085948944092,9.48683261871338
"191",63,24.279260635376,3.43398714065552,5.47722578048706
"192",63,41.3963050842285,0,0
"193",63,15.3429155349731,3.43398714065552,5.47722578048706
"194",63,7.49075984954834,4.33073329925537,8.66025447845459
"195",63,59.0718688964844,3.43398714065552,5.47722578048706
"196",64,17.9383983612061,0,0
"197",64,26.776180267334,2.7725887298584,3.87298345565796
"198",65,6.24229955673218,5.60211896896362,16.431676864624
"199",65,15.0472278594971,5.19849681854248,13.416407585144
"200",65,25.0677623748779,4.51085948944092,9.48683261871338
"201",66,6.6036958694458,5.19849681854248,13.416407585144
"202",67,25.6262836456299,5.88887786865234,18.9736652374268
"203",67,5.9794659614563,5.35185813903809,14.4913768768311
"204",67,65.3141708374023,5.01727962493896,12.2474489212036
"205",67,13.9630393981934,5.48479700088501,15.4919338226318
"206",68,40.8377838134766,0,0
"207",68,13.7330598831177,4.94876003265381,11.8321599960327
"208",68,6.50513362884521,4.11087369918823,7.74596691131592
"209",68,24.9363441467285,5.17048406600952,13.2287569046021
"210",68,59.9589309692383,4.07753753662109,7.61577320098877
"211",69,25.3305950164795,4.51085948944092,9.48683261871338
"212",69,6.70225858688354,5.11198759078979,12.845232963562
"213",69,14.2587270736694,3.43398714065552,5.47722578048706
"214",70,11.0390148162842,4.79579067230225,10.9544515609741
"215",72,27.170431137085,6.50876903533936,25.8843574523926
"216",72,45.7659149169922,4.51085948944092,9.48683261871338
"217",72,14.5215606689453,4.33073329925537,8.66025447845459
"218",72,7.3921971321106,0,0
"219",72,60.4846000671387,5.27811479568481,13.9642400741577
"220",73,6.01232051849365,5.48479700088501,15.4919338226318
"221",73,40.0492820739746,0,0
"222",73,57.7905540466309,4.11087369918823,7.74596691131592
"223",73,26.9404525756836,5.14166355133057,13.0384044647217
"224",73,14.9158115386963,5.01727962493896,12.2474489212036
"225",74,24.9363441467285,5.70711040496826,17.3205089569092
"226",74,14.4887065887451,5.14166355133057,13.0384044647217
"227",74,6.01232051849365,5.44241762161255,15.16575050354
"228",75,5.91375780105591,4.11087369918823,7.74596691131592
"229",75,40.5749473571777,0,0
"230",75,61.9958915710449,4.11087369918823,7.74596691131592
"231",75,14.2915811538696,4.51085948944092,9.48683261871338
"232",75,27.006160736084,4.79579067230225,10.9544515609741
"233",76,57.7577018737793,4.79579067230225,10.9544515609741
"234",76,6.04517459869385,5.19849681854248,13.416407585144
"235",76,14.5215606689453,5.8021183013916,18.165901184082
"236",76,24.6078033447266,5.8021183013916,18.165901184082
"237",76,43.4661178588867,4.79579067230225,10.9544515609741
"238",77,24.7392196655273,3.43398714065552,5.47722578048706
"239",77,14.5215606689453,4.91265487670898,11.6189498901367
"240",77,5.65092420578003,3.43398714065552,5.47722578048706
"241",79,6.34086227416992,5.70711040496826,17.3205089569092
"242",81,57.6591377258301,4.11087369918823,7.74596691131592
"243",81,25.2320327758789,4.61512041091919,10
"244",81,43.1704330444336,4.11087369918823,7.74596691131592
"245",81,5.81519508361816,4.11087369918823,7.74596691131592
"246",81,13.667350769043,4.51085948944092,9.48683261871338
"247",82,5.91375780105591,4.51085948944092,9.48683261871338
"248",82,24.7392196655273,5.35185813903809,14.4913768768311
"249",82,14.8172483444214,5.01727962493896,12.2474489212036
"250",83,27.8603687286377,6.39859485626221,24.4948978424072
"251",83,40.5749473571777,4.51085948944092,9.48683261871338
"252",83,64.2956848144531,5.39816284179688,14.8323965072632
"253",84,14.193018913269,5.35185813903809,14.4913768768311
"254",84,5.91375780105591,6.17586708068848,21.9089031219482
"255",86,24.443531036377,4.8751974105835,11.4017543792725
"256",86,17.5441474914551,3.71357202529907,6.32455539703369
"257",86,6.27515411376953,4.51085948944092,9.48683261871338
"258",88,25.8234081268311,4.70953035354614,10.4880886077881
"259",88,16.4928131103516,3.93182563781738,7.07106781005859
"260",88,5.68377828598022,5.19849681854248,13.416407585144
"261",89,46.7515411376953,5.48479700088501,15.4919338226318
"262",89,7.06365489959717,0,0
"263",89,26.6447639465332,5.35185813903809,14.4913768768311
"264",89,16.2628345489502,0,0
"265",89,65.9055404663086,4.11087369918823,7.74596691131592
"266",90,9.00205326080322,5.35185813903809,14.4913768768311
"267",90,24.7392196655273,5.27811479568481,13.9642400741577
"268",91,14.1601638793945,5.19849681854248,13.416407585144
"269",91,24.9691982269287,5.01727962493896,12.2474489212036
"270",91,6.63655042648315,3.93182563781738,7.07106781005859
"271",92,68.5010299682617,4.11087369918823,7.74596691131592
"272",92,46.0287475585938,4.79579067230225,10.9544515609741
"273",92,26.1190967559814,4.51085948944092,9.48683261871338
"274",92,7.3921971321106,4.51085948944092,9.48683261871338
"275",93,41.6591377258301,3.71357202529907,6.32455539703369
"276",93,25.5605754852295,5.60211896896362,16.431676864624
"277",93,11.1375770568848,5.48479700088501,15.4919338226318
"278",93,17.5770015716553,4.33073329925537,8.66025447845459
"279",93,64.4928131103516,4.79579067230225,10.9544515609741
"280",94,7.55646800994873,5.88887786865234,18.9736652374268
"281",95,24.8377819061279,5.01727962493896,12.2474489212036
"282",95,8.1478443145752,4.11087369918823,7.74596691131592
"283",95,17.4127311706543,4.51085948944092,9.48683261871338
"284",96,7.32648849487305,4.79579067230225,10.9544515609741
"285",96,24.8706359863281,5.08140420913696,12.6491107940674
"286",96,14.0616016387939,4.94876003265381,11.8321599960327
"287",97,14.1273097991943,5.19849681854248,13.416407585144
"288",97,5.74948644638062,4.79579067230225,10.9544515609741
"289",98,5.38809013366699,4.79579067230225,10.9544515609741
"290",99,9.03490734100342,4.51085948944092,9.48683261871338
"291",99,25.2977409362793,5.19849681854248,13.416407585144
"292",99,13.9958934783936,4.51085948944092,9.48683261871338
"293",100,14.2258729934692,4.51085948944092,9.48683261871338
"294",100,24.3449687957764,4.79579067230225,10.9544515609741
"295",100,6.66940450668335,5.88887786865234,18.9736652374268
"296",100,57.4948654174805,4.79579067230225,10.9544515609741
"297",100,39.1293640136719,3.43398714065552,5.47722578048706
"298",101,15.605749130249,4.51085948944092,9.48683261871338
"299",101,66.8911666870117,4.11087369918823,7.74596691131592
"300",101,6.04517459869385,0,0
"301",101,43.4004096984863,3.43398714065552,5.47722578048706
"302",101,25.9219703674316,0,0
"303",102,15.8028745651245,4.18965482711792,8.06225776672363
"304",102,5.91375780105591,4.79579067230225,10.9544515609741
"305",102,26.0533885955811,4.11087369918823,7.74596691131592
"306",102,43.7618064880371,4.39444923400879,8.9442720413208
"307",102,56.7392196655273,5.19849681854248,13.416407585144
"308",103,5.88090372085571,5.8021183013916,18.165901184082
"309",103,14.4229974746704,5.60211896896362,16.431676864624
"310",103,24.3121147155762,5.35185813903809,14.4913768768311
"311",104,24.6078033447266,4.11087369918823,7.74596691131592
"312",104,7.62217664718628,6.62140560150146,27.3861274719238
"313",104,14.751540184021,4.33073329925537,8.66025447845459
"314",105,6.66940450668335,5.35185813903809,14.4913768768311
"315",105,14.7186861038208,3.43398714065552,5.47722578048706
"316",105,61.4045181274414,4.51085948944092,9.48683261871338
"317",105,47.8357276916504,5.19849681854248,13.416407585144
"318",106,6.17659139633179,0,0
"319",106,15.1129360198975,6.34738922119141,23.8746719360352
"320",106,24.9034900665283,5.90263319015503,19.1049728393555
"321",107,26.2833671569824,5.63835477828979,16.7332000732422
"322",107,7.12936353683472,5.42053508758545,15
"323",108,25.6262836456299,5.48479700088501,15.4919338226318
"324",108,6.04517459869385,4.51085948944092,9.48683261871338
"325",108,42.4147834777832,3.43398714065552,5.47722578048706
"326",108,14.4558525085449,6.0063533782959,20.1246109008789
"327",108,56.7720756530762,5.8021183013916,18.165901184082
"328",109,14.3901433944702,4.11087369918823,7.74596691131592
"329",109,7.19507169723511,3.43398714065552,5.47722578048706
"330",109,40.2792625427246,4.11087369918823,7.74596691131592
"331",109,60.7145805358887,5.70711040496826,17.3205089569092
"332",109,24.9363441467285,4.79579067230225,10.9544515609741
"333",110,14.4229974746704,5.14166355133057,13.0384044647217
"334",110,24.279260635376,5.60211896896362,16.431676864624
"335",110,39.7207374572754,3.43398714065552,5.47722578048706
"336",110,5.9466118812561,5.19849681854248,13.416407585144
"337",110,57.0020523071289,5.01727962493896,12.2474489212036
"338",111,41.9548263549805,5.88887786865234,18.9736652374268
"339",111,14.5544147491455,5.48479700088501,15.4919338226318
"340",111,24.6078033447266,4.79579067230225,10.9544515609741
"341",111,5.28952789306641,5.88887786865234,18.9736652374268
"342",111,56.8049278259277,3.93182563781738,7.07106781005859
"343",112,28.4517459869385,3.43398714065552,5.47722578048706
"344",112,41.5605735778809,5.19849681854248,13.416407585144
"345",112,14.8829565048218,5.35185813903809,14.4913768768311
"346",112,65.6098556518555,5.60211896896362,16.431676864624
"347",112,6.17659139633179,5.19849681854248,13.416407585144
"348",113,6.76796722412109,5.19849681854248,13.416407585144
"349",114,5.65092420578003,5.70711040496826,17.3205089569092
"350",114,24.6406574249268,5.11198759078979,12.845232963562
"351",114,40.114990234375,4.51085948944092,9.48683261871338
"352",114,57.1334686279297,4.51085948944092,9.48683261871338
"353",114,14.5215606689453,6.04263305664062,20.4939022064209
"354",115,24.2135524749756,3.43398714065552,5.47722578048706
"355",115,7.58932256698608,0,0
"356",115,14.193018913269,4.11087369918823,7.74596691131592
"357",116,6.53798770904541,5.35185813903809,14.4913768768311
"358",116,14.5215606689453,5.70711040496826,17.3205089569092
"359",116,24.3778228759766,5.8021183013916,18.165901184082
"360",117,5.91375780105591,4.11087369918823,7.74596691131592
"361",117,39.7535934448242,4.39444923400879,8.9442720413208
"362",117,15.7700204849243,5.01727962493896,12.2474489212036
"363",117,25.3963031768799,4.11087369918823,7.74596691131592
"364",118,8.11498928070068,4.79579067230225,10.9544515609741
"365",118,25.7576999664307,5.48479700088501,15.4919338226318
"366",120,15.1129360198975,4.11087369918823,7.74596691131592
"367",120,6.37371683120728,5.01727962493896,12.2474489212036
"368",121,56.9363441467285,3.93182563781738,7.07106781005859
"369",121,14.5544147491455,4.18965482711792,8.06225776672363
"370",121,43.4004096984863,3.82864141464233,6.70820379257202
"371",121,6.17659139633179,4.51085948944092,9.48683261871338
"372",121,25.3634490966797,5.19849681854248,13.416407585144
"373",122,5.78234100341797,2.7725887298584,3.87298345565796
"374",122,25.1663246154785,4.02535152435303,7.41619825363159
"375",122,14.1601638793945,3.43398714065552,5.47722578048706
"376",123,39.0636558532715,4.11087369918823,7.74596691131592
"377",123,24.509241104126,4.51085948944092,9.48683261871338
"378",123,57.0349082946777,5.19849681854248,13.416407585144
"379",124,24.9034900665283,4.11087369918823,7.74596691131592
"380",124,6.30800819396973,5.8021183013916,18.165901184082
"381",124,14.35728931427,3.43398714065552,5.47722578048706
"382",125,24.4763851165771,5.01727962493896,12.2474489212036
"383",125,6.14373731613159,6.23636960983276,22.583179473877
"384",125,14.5215606689453,5.84643888473511,18.5741748809814
"385",126,14.4887065887451,5.60211896896362,16.431676864624
"386",126,24.0492820739746,5.19849681854248,13.416407585144
"387",126,39.655029296875,4.79579067230225,10.9544515609741
"388",126,6.20944547653198,5.8021183013916,18.165901184082
"389",126,57.3634490966797,5.01727962493896,12.2474489212036
"390",127,27.6303901672363,4.11087369918823,7.74596691131592
"391",127,6.24229955673218,5.60211896896362,16.431676864624
"392",128,6.01232051849365,6.1114673614502,21.2132034301758
"393",128,16.0657081604004,5.8021183013916,18.165901184082
"394",129,6.01232051849365,5.48479700088501,15.4919338226318
"395",129,15.0800819396973,5.8021183013916,18.165901184082
"396",130,15.9342918395996,4.94876003265381,11.8321599960327
"397",130,6.37371683120728,4.11087369918823,7.74596691131592
"398",130,59.2689933776855,5.30330467224121,14.1421356201172
"399",130,24.279260635376,3.43398714065552,5.47722578048706
"400",130,41.0020523071289,3.71357202529907,6.32455539703369
"401",131,24.3449687957764,4.91265487670898,11.6189498901367
"402",131,6.07802867889404,6.73459148406982,28.9827537536621
"403",132,39.7207374572754,5.60211896896362,16.431676864624
"404",132,5.84804916381836,4.11087369918823,7.74596691131592
"405",132,24.5420951843262,5.01727962493896,12.2474489212036
"406",132,68.0082168579102,5.19849681854248,13.416407585144
"407",133,28.2874736785889,0,0
"408",133,6.14373731613159,5.35185813903809,14.4913768768311
"409",133,42.2505149841309,0,0
"410",133,14.4558525085449,4.11087369918823,7.74596691131592
"411",133,59.7289543151855,4.51085948944092,9.48683261871338
"412",134,6.11088275909424,4.51085948944092,9.48683261871338
"413",135,17.8726902008057,2.7725887298584,3.87298345565796
"414",135,24.9691982269287,3.82864141464233,6.70820379257202
"415",135,6.6036958694458,2.7725887298584,3.87298345565796
"416",136,15.0472278594971,4.79579067230225,10.9544515609741
"417",136,23.7535934448242,5.35185813903809,14.4913768768311
"418",137,24.279260635376,4.51085948944092,9.48683261871338
"419",137,6.24229955673218,4.11087369918823,7.74596691131592
"420",137,14.2587270736694,4.79579067230225,10.9544515609741
"421",140,58.217658996582,4.26268005371094,8.36660003662109
"422",140,41.5605735778809,3.93182563781738,7.07106781005859
"423",140,24.1806983947754,0,0
"424",140,15.441478729248,1.7917594909668,2.2360680103302
"425",140,6.30800819396973,4.11087369918823,7.74596691131592
"426",141,6.14373731613159,5.19849681854248,13.416407585144
"427",141,14.2258729934692,5.60211896896362,16.431676864624
"428",141,23.0308017730713,5.01727962493896,12.2474489212036
"429",142,14.2587270736694,4.94876003265381,11.8321599960327
"430",142,24.0164279937744,5.01727962493896,12.2474489212036
"431",142,6.07802867889404,4.79579067230225,10.9544515609741
"432",143,29.273099899292,4.79579067230225,10.9544515609741
"433",143,8.93634510040283,3.04452252388,4.4721360206604
"434",143,56.6406555175781,5.48479700088501,15.4919338226318
"435",143,46.5215606689453,0,0
"436",144,5.68377828598022,4.11087369918823,7.74596691131592
"437",144,37.9466133117676,0,0
"438",144,15.1457901000977,3.58351898193359,5.91607999801636
"439",145,14.9815196990967,3.43398714065552,5.47722578048706
"440",145,5.61806964874268,3.43398714065552,5.47722578048706
"441",145,66.0041046142578,5.35185813903809,14.4913768768311
"442",146,42.3819313049316,0,0
"443",146,6.24229955673218,5.19849681854248,13.416407585144
"444",146,25.4620132446289,0,0
"445",146,14.0616016387939,5.19849681854248,13.416407585144
"446",147,5.9466118812561,5.19849681854248,13.416407585144
"447",148,24.279260635376,4.26268005371094,8.36660003662109
"448",148,5.61806964874268,5.19849681854248,13.416407585144
"449",148,14.4558525085449,4.79579067230225,10.9544515609741
"450",149,23.1622180938721,4.51085948944092,9.48683261871338
"451",149,69.4866561889648,5.48479700088501,15.4919338226318
"452",149,41.1006164550781,4.91265487670898,11.6189498901367
"453",150,6.07802867889404,5.01727962493896,12.2474489212036
"454",151,6.20944547653198,4.51085948944092,9.48683261871338
"455",151,44.6160163879395,4.11087369918823,7.74596691131592
"456",151,24.8377819061279,5.19849681854248,13.416407585144
"457",151,63.6386032104492,5.01727962493896,12.2474489212036
"458",152,6.20944547653198,4.66343927383423,10.2469511032104
"459",152,14.1601638793945,4.11087369918823,7.74596691131592
"460",152,23.7535934448242,4.79579067230225,10.9544515609741
"461",153,40.4763870239258,4.11087369918823,7.74596691131592
"462",156,60.6488723754883,4.79579067230225,10.9544515609741
"463",156,27.7289524078369,5.35185813903809,14.4913768768311
"464",156,40.8706359863281,3.71357202529907,6.32455539703369
"465",156,6.47227907180786,4.51085948944092,9.48683261871338
"466",158,15.8685827255249,4.11087369918823,7.74596691131592
"467",158,24.0492820739746,4.51085948944092,9.48683261871338
"468",159,40.9363441467285,3.43398714065552,5.47722578048706
"469",159,6.40657091140747,4.79579067230225,10.9544515609741
"470",159,55.6221771240234,4.51085948944092,9.48683261871338
"471",159,14.3244352340698,0,0
"472",159,23.8521556854248,4.51085948944092,9.48683261871338
"473",160,24.0164279937744,4.51085948944092,9.48683261871338
"474",160,6.7351131439209,4.11087369918823,7.74596691131592
"475",160,14.35728931427,5.60211896896362,16.431676864624
"476",161,25.7576999664307,4.79579067230225,10.9544515609741
"477",162,6.86652994155884,5.35185813903809,14.4913768768311
"478",162,14.1273097991943,5.5451774597168,15.9687194824219
"479",162,24.8706359863281,5.01727962493896,12.2474489212036
"480",163,6.80082130432129,4.79579067230225,10.9544515609741
"481",164,56.7720756530762,4.79579067230225,10.9544515609741
"482",164,40.4763870239258,5.35185813903809,14.4913768768311
"483",164,7.55646800994873,5.19849681854248,13.416407585144
"484",164,17.0184803009033,5.01727962493896,12.2474489212036
"485",165,66.7597503662109,4.26268005371094,8.36660003662109
"486",165,6.17659139633179,3.43398714065552,5.47722578048706
"487",166,8.54209423065186,5.48479700088501,15.4919338226318
"488",167,14.1273097991943,4.51085948944092,9.48683261871338
"489",167,24.1806983947754,4.45434713363647,9.21954441070557
"490",167,5.91375780105591,5.60211896896362,16.431676864624
"491",171,56.4763870239258,3.93182563781738,7.07106781005859
"492",171,37.9137573242188,3.43398714065552,5.47722578048706
"493",171,23.326488494873,4.26268005371094,8.36660003662109
"494",171,14.1601638793945,0,0
"495",171,6.11088275909424,4.79579067230225,10.9544515609741
"496",172,24.509241104126,4.79579067230225,10.9544515609741
"497",172,36.2710456848145,0,0
"498",172,13.9630393981934,5.60211896896362,16.431676864624
"499",172,55.096508026123,5.8021183013916,18.165901184082
"500",173,6.6036958694458,4.79579067230225,10.9544515609741
"501",173,36.0739212036133,3.82864141464233,6.70820379257202
"502",173,14.4229974746704,5.19849681854248,13.416407585144
"503",173,24.279260635376,4.51085948944092,9.48683261871338
"504",173,54.7679672241211,4.51085948944092,9.48683261871338
"505",174,5.68377828598022,5.7397928237915,17.6068172454834
"506",174,24.3778228759766,4.91265487670898,11.6189498901367
"507",174,14.4229974746704,5.37527847290039,14.662878036499
"508",175,58.8418884277344,5.70711040496826,17.3205089569092
"509",177,7.09650945663452,6.7580943107605,29.325756072998
"510",178,14.8501024246216,4.91265487670898,11.6189498901367
"511",178,7.03080081939697,5.19849681854248,13.416407585144
"512",178,24.7063655853271,4.51085948944092,9.48683261871338
"513",179,5.9466118812561,5.60211896896362,16.431676864624
"514",179,14.2587270736694,4.79579067230225,10.9544515609741
"515",180,35.9425048828125,4.11087369918823,7.74596691131592
"516",180,14.2915811538696,4.79579067230225,10.9544515609741
"517",180,24.2135524749756,5.60211896896362,16.431676864624
"518",180,6.20944547653198,4.79579067230225,10.9544515609741
"519",180,55.8521575927734,5.19849681854248,13.416407585144
"520",181,24.4106769561768,4.11087369918823,7.74596691131592
"521",181,6.20944547653198,4.11087369918823,7.74596691131592
"522",181,14.4558525085449,3.43398714065552,5.47722578048706
"523",182,7.88501024246216,5.30330467224121,14.1421356201172
"524",182,14.0616016387939,5.19849681854248,13.416407585144
"525",183,6.24229955673218,3.71357202529907,6.32455539703369
"526",184,7.78644752502441,6.59441328048706,27.0185127258301
"527",184,20.3696098327637,5.08140420913696,12.6491107940674
"528",184,38.4065704345703,3.71357202529907,6.32455539703369
"529",184,26.8747425079346,5.19849681854248,13.416407585144
"530",185,55.8193016052246,4.26268005371094,8.36660003662109
"531",185,5.9794659614563,5.48479700088501,15.4919338226318
"532",185,21.0595474243164,5.19849681854248,13.416407585144
"533",185,33.9712524414062,5.19849681854248,13.416407585144
"534",186,14.751540184021,3.71357202529907,6.32455539703369
"535",186,25.6591377258301,4.11087369918823,7.74596691131592
"536",186,54.4722785949707,3.43398714065552,5.47722578048706
"537",186,5.88090372085571,5.48479700088501,15.4919338226318
"538",187,8.64065742492676,5.19849681854248,13.416407585144
"539",188,6.34086227416992,4.79579067230225,10.9544515609741
"540",188,14.4558525085449,3.43398714065552,5.47722578048706
"541",188,36.0082130432129,4.11087369918823,7.74596691131592
"542",188,61.7002067565918,5.19849681854248,13.416407585144
"543",188,23.3921966552734,4.79579067230225,10.9544515609741
"544",189,41.8891181945801,6.17586708068848,21.9089031219482
"545",189,72.6078033447266,4.33073329925537,8.66025447845459
"546",189,10.9733057022095,4.51085948944092,9.48683261871338
"547",190,6.57084178924561,6.17586708068848,21.9089031219482
"548",190,55.2936363220215,4.11087369918823,7.74596691131592
"549",190,16.1971244812012,5.19849681854248,13.416407585144
"550",190,37.6509246826172,4.11087369918823,7.74596691131592
"551",191,6.80082130432129,5.01727962493896,12.2474489212036
"552",191,14.0616016387939,4.11087369918823,7.74596691131592
"553",193,36.8952789306641,4.11087369918823,7.74596691131592
"554",193,24.2464065551758,4.94876003265381,11.8321599960327
"555",193,6.14373731613159,4.39444923400879,8.9442720413208
"556",193,54.6365509033203,4.79579067230225,10.9544515609741
"557",193,14.1601638793945,4.11087369918823,7.74596691131592
"558",195,24.4106769561768,4.79579067230225,10.9544515609741
"559",195,20.5010261535645,4.11087369918823,7.74596691131592
"560",196,38.9979476928711,4.51085948944092,9.48683261871338
"561",196,24.114990234375,5.60211896896362,16.431676864624
"562",196,6.07802867889404,5.48479700088501,15.4919338226318
"563",196,14.1273097991943,5.48479700088501,15.4919338226318
"564",196,56.9692001342773,5.60211896896362,16.431676864624
"565",197,6.37371683120728,4.51085948944092,9.48683261871338
"566",197,35.9425048828125,4.11087369918823,7.74596691131592
"567",197,57.5605735778809,5.35185813903809,14.4913768768311
"568",197,24.3778228759766,5.35185813903809,14.4913768768311
"569",197,15.0143737792969,4.11087369918823,7.74596691131592
"570",199,23.7535934448242,4.11087369918823,7.74596691131592
"571",199,6.63655042648315,4.79579067230225,10.9544515609741
"572",199,14.0287475585938,5.19849681854248,13.416407585144
"573",200,25.9548263549805,4.11087369918823,7.74596691131592
"574",200,54.3080101013184,4.79579067230225,10.9544515609741
"575",200,15.5728950500488,4.51085948944092,9.48683261871338
"576",200,38.6036949157715,3.43398714065552,5.47722578048706
"577",200,10.1848049163818,4.79579067230225,10.9544515609741
"578",201,6.11088275909424,3.43398714065552,5.47722578048706
"579",201,14.6529769897461,3.93182563781738,7.07106781005859
"580",202,60.8131408691406,4.51085948944092,9.48683261871338
"581",202,36.8295669555664,4.11087369918823,7.74596691131592
"582",202,24.8706359863281,4.11087369918823,7.74596691131592
"583",202,14.0616016387939,5.70711040496826,17.3205089569092
"584",203,6.80082130432129,4.11087369918823,7.74596691131592
"585",204,9.33059501647949,5.48479700088501,15.4919338226318
"586",204,14.2258729934692,4.79579067230225,10.9544515609741
"587",204,25.6591377258301,4.51085948944092,9.48683261871338
"588",205,14.1273097991943,4.51085948944092,9.48683261871338
"589",205,8.44353199005127,4.51085948944092,9.48683261871338
"590",206,42.2505149841309,2.39789533615112,3.16227769851685
"591",206,54.4394264221191,4.11087369918823,7.74596691131592
"592",206,10.217658996582,3.04452252388,4.4721360206604
"593",206,25.1991786956787,4.11087369918823,7.74596691131592
"594",206,19.3839836120605,3.04452252388,4.4721360206604
"595",207,38.4065704345703,4.66343927383423,10.2469511032104
"596",207,55.0636558532715,5.8021183013916,18.165901184082
"597",207,24.8377819061279,4.11087369918823,7.74596691131592
"598",207,21.1252574920654,5.19849681854248,13.416407585144
"599",208,6.83367538452148,5.70711040496826,17.3205089569092
"600",208,55.655029296875,3.04452252388,4.4721360206604
"601",208,37.0266952514648,4.79579067230225,10.9544515609741
"602",209,55.4579048156738,5.27811479568481,13.9642400741577
"603",209,6.14373731613159,6.06610822677612,20.7364406585693
"604",209,36.8295669555664,4.51085948944092,9.48683261871338
"605",210,54.6694030761719,3.04452252388,4.4721360206604
"606",210,24.0492820739746,4.11087369918823,7.74596691131592
"607",210,14.3244352340698,5.48479700088501,15.4919338226318
"608",210,37.1252555847168,3.43398714065552,5.47722578048706
"609",210,6.27515411376953,5.88887786865234,18.9736652374268
"610",211,25.7905540466309,4.5643482208252,9.74679470062256
"611",211,10.0862426757812,3.43398714065552,5.47722578048706
"612",211,17.7741279602051,4.91265487670898,11.6189498901367
"613",212,56.4763870239258,5.35185813903809,14.4913768768311
"614",212,9.82340908050537,5.60211896896362,16.431676864624
"615",212,16.0657081604004,5.60211896896362,16.431676864624
"616",212,24.8049278259277,5.19849681854248,13.416407585144
"617",212,36.6652984619141,4.26268005371094,8.36660003662109
"618",213,30.6201229095459,3.82864141464233,6.70820379257202
"619",213,38.0780296325684,3.93182563781738,7.07106781005859
"620",214,6.47227907180786,4.51085948944092,9.48683261871338
"621",214,14.35728931427,5.7714409828186,17.8885440826416
"622",216,54.5379867553711,4.11087369918823,7.74596691131592
"623",216,36.2710456848145,0,0
"624",216,6.14373731613159,4.79579067230225,10.9544515609741
"625",216,23.9178638458252,4.11087369918823,7.74596691131592
"626",216,14.4558525085449,4.11087369918823,7.74596691131592
"627",217,6.14373731613159,4.79579067230225,10.9544515609741
"628",217,14.193018913269,4.79579067230225,10.9544515609741
"629",217,24.7720737457275,5.01727962493896,12.2474489212036
"630",218,5.68377828598022,3.82864141464233,6.70820379257202
"631",218,14.0944557189941,4.79579067230225,10.9544515609741
"632",220,6.27515411376953,5.35185813903809,14.4913768768311
"633",220,54.4722785949707,4.51085948944092,9.48683261871338
"634",220,36.0739212036133,5.35185813903809,14.4913768768311
"635",220,14.4887065887451,4.79579067230225,10.9544515609741
"636",220,30.3244361877441,3.71357202529907,6.32455539703369
"637",221,9.75769996643066,4.51085948944092,9.48683261871338
"638",221,15.4743328094482,4.26268005371094,8.36660003662109
"639",221,56.2464065551758,4.61512041091919,10
"640",221,36.5667343139648,3.71357202529907,6.32455539703369
"641",221,24.5749492645264,5.01727962493896,12.2474489212036
"642",222,56.5749473571777,5.81711101531982,18.3030052185059
"643",222,7.78644752502441,4.79579067230225,10.9544515609741
"644",223,55.7535934448242,5.63835477828979,16.7332000732422
"645",223,10.217658996582,5.70711040496826,17.3205089569092
"646",225,8.34496879577637,3.43398714065552,5.47722578048706
"647",227,24.3778228759766,3.43398714065552,5.47722578048706
"648",227,6.01232051849365,5.88887786865234,18.9736652374268
"649",227,14.35728931427,5.01727962493896,12.2474489212036
"650",228,6.20944547653198,5.01727962493896,12.2474489212036
"651",228,56.443531036377,6.38181591033936,24.2899150848389
"652",228,37.223819732666,6.04263305664062,20.4939022064209
"653",228,15.0472278594971,6.01859331130981,20.2484569549561
"654",228,24.5749492645264,5.01727962493896,12.2474489212036
"655",229,14.2258729934692,5.88887786865234,18.9736652374268
"656",229,25.9548263549805,6.23636960983276,22.583179473877
"657",229,6.66940450668335,5.70711040496826,17.3205089569092
"658",231,7.03080081939697,5.48479700088501,15.4919338226318
"659",231,15.1457901000977,5.11198759078979,12.845232963562
"660",231,53.7494850158691,4.51085948944092,9.48683261871338
"661",232,53.5195083618164,2.39789533615112,3.16227769851685
"662",232,31.6714572906494,5.01727962493896,12.2474489212036
"663",232,16.2628345489502,5.25227355957031,13.7840490341187
"664",232,5.78234100341797,5.63835477828979,16.7332000732422
"665",232,37.0595474243164,4.79579067230225,10.9544515609741
"666",233,16.558521270752,0,0
"667",233,6.83367538452148,5.88887786865234,18.9736652374268
"668",234,31.6386032104492,5.01727962493896,12.2474489212036
"669",234,18.5626277923584,5.60211896896362,16.431676864624
"670",234,61.3716621398926,4.70953035354614,10.4880886077881
"671",234,47.5728950500488,5.65599203109741,16.8819427490234
"672",234,9.10061645507812,5.19849681854248,13.416407585144
"673",235,5.88090372085571,4.79579067230225,10.9544515609741
"674",235,14.7186861038208,4.79579067230225,10.9544515609741
"675",235,24.0164279937744,4.94876003265381,11.8321599960327
"676",236,15.8357286453247,5.35185813903809,14.4913768768311
"677",236,7.16221761703491,6.23636960983276,22.583179473877
"678",236,27.9917869567871,4.51085948944092,9.48683261871338
"679",237,53.6509246826172,4.51085948944092,9.48683261871338
"680",237,35.9096527099609,4.79579067230225,10.9544515609741
"681",237,14.5544147491455,4.26268005371094,8.36660003662109
"682",237,6.76796722412109,4.11087369918823,7.74596691131592
"683",237,26.3162212371826,4.51085948944092,9.48683261871338
"684",238,14.751540184021,0,0
"685",238,54.7022590637207,5.01727962493896,12.2474489212036
"686",238,46.9158096313477,4.5643482208252,9.74679470062256
"687",238,8.96919918060303,5.19849681854248,13.416407585144
"688",239,24.4106769561768,4.11087369918823,7.74596691131592
"689",239,36.3039016723633,2.7725887298584,3.87298345565796
"690",239,15.1129360198975,5.48479700088501,15.4919338226318
"691",239,55.4250526428223,3.93182563781738,7.07106781005859
"692",239,9.16632461547852,3.71357202529907,6.32455539703369
"693",240,36.0082130432129,4.79579067230225,10.9544515609741
"694",240,55.3921966552734,4.11087369918823,7.74596691131592
"695",241,53.9794654846191,4.66343927383423,10.2469511032104
"696",241,36.0410690307617,4.39444923400879,8.9442720413208
"697",241,29.8644771575928,4.51085948944092,9.48683261871338
"698",243,53.9137573242188,4.51085948944092,9.48683261871338
"699",243,36.1724853515625,4.51085948944092,9.48683261871338
"700",243,7.88501024246216,5.35185813903809,14.4913768768311
"701",244,55.4250526428223,4.11087369918823,7.74596691131592
"702",244,26.2833671569824,3.93182563781738,7.07106781005859
"703",244,41.9219703674316,4.51085948944092,9.48683261871338
"704",244,17.4784393310547,4.11087369918823,7.74596691131592
"705",244,6.86652994155884,5.19849681854248,13.416407585144
"706",245,35.4825477600098,4.00733327865601,7.34846925735474
"707",245,6.66940450668335,4.11087369918823,7.74596691131592
"708",245,24.9034900665283,3.43398714065552,5.47722578048706
"709",245,53.8480491638184,4.79579067230225,10.9544515609741
"710",245,14.3244352340698,5.25227355957031,13.7840490341187
"711",246,6.04517459869385,4.11087369918823,7.74596691131592
"712",247,14.193018913269,4.79579067230225,10.9544515609741
"713",247,6.40657091140747,5.01727962493896,12.2474489212036
"714",247,25.7248458862305,4.11087369918823,7.74596691131592
"715",250,55.2279243469238,4.11087369918823,7.74596691131592
"716",250,6.37371683120728,0,0
"717",250,36.2053375244141,5.01727962493896,12.2474489212036
"718",250,24.9363441467285,5.19849681854248,13.416407585144
"719",250,15.0800819396973,4.51085948944092,9.48683261871338
"720",252,60.3203277587891,4.79579067230225,10.9544515609741
"721",252,6.47227907180786,0,0
"722",252,15.3757696151733,4.11087369918823,7.74596691131592
"723",252,37.8809051513672,4.11087369918823,7.74596691131592
"724",252,25.9876804351807,5.19849681854248,13.416407585144
"725",253,56.7063636779785,4.11087369918823,7.74596691131592
"726",253,30.4229984283447,4.79579067230225,10.9544515609741
"727",253,37.7166328430176,5.60211896896362,16.431676864624
"728",254,6.43942499160767,4.11087369918823,7.74596691131592
"729",254,54.2751541137695,3.58351898193359,5.91607999801636
"730",254,37.453800201416,3.43398714065552,5.47722578048706
"731",254,14.0944557189941,4.51085948944092,9.48683261871338
"732",254,28.0574951171875,3.71357202529907,6.32455539703369
"733",255,5.9794659614563,4.79579067230225,10.9544515609741
"734",255,15.0143737792969,5.19849681854248,13.416407585144
"735",256,7.32648849487305,4.66343927383423,10.2469511032104
"736",256,54.7351112365723,3.43398714065552,5.47722578048706
"737",256,15.3429155349731,5.7397928237915,17.6068172454834
"738",256,35.5811080932617,4.91265487670898,11.6189498901367
"739",257,27.7946605682373,6.34738922119141,23.8746719360352
"740",257,10.5462017059326,5.60211896896362,16.431676864624
"741",257,15.7700204849243,6.23636960983276,22.583179473877
"742",258,54.1108818054199,5.19849681854248,13.416407585144
"743",258,24.443531036377,4.26268005371094,8.36660003662109
"744",258,6.57084178924561,4.51085948944092,9.48683261871338
"745",258,15.3429155349731,5.35185813903809,14.4913768768311
"746",258,36.2710456848145,5.48479700088501,15.4919338226318
"747",261,7.16221761703491,4.8751974105835,11.4017543792725
"748",261,15.7700204849243,4.79579067230225,10.9544515609741
"749",261,37.0266952514648,4.26268005371094,8.36660003662109
"750",261,25.8562622070312,4.11087369918823,7.74596691131592
"751",261,54.3080101013184,4.11087369918823,7.74596691131592
"752",262,15.1457901000977,5.60211896896362,16.431676864624
"753",262,10.776180267334,4.70953035354614,10.4880886077881
"754",262,26.9075965881348,5.01727962493896,12.2474489212036
"755",263,6.07802867889404,5.8021183013916,18.165901184082
"756",263,15.9671459197998,5.42053508758545,15
"757",263,35.9753608703613,4.11087369918823,7.74596691131592
"758",263,25.5934295654297,5.60211896896362,16.431676864624
"759",263,56.9363441467285,4.51085948944092,9.48683261871338
"760",264,36.5995903015137,4.51085948944092,9.48683261871338
"761",264,29.2402458190918,4.79579067230225,10.9544515609741
"762",264,14.7186861038208,5.19849681854248,13.416407585144
"763",264,7.09650945663452,4.11087369918823,7.74596691131592
"764",267,15.3757696151733,4.11087369918823,7.74596691131592
"765",267,8.27926063537598,4.33073329925537,8.66025447845459
"766",268,6.53798770904541,5.01727962493896,12.2474489212036
"767",268,25.1006164550781,3.43398714065552,5.47722578048706
"768",268,56.4106788635254,4.66343927383423,10.2469511032104
"769",268,36.0739212036133,4.51085948944092,9.48683261871338
"770",268,15.6386041641235,4.26268005371094,8.36660003662109
"771",269,14.7843942642212,5.22574663162231,13.6014709472656
"772",269,9.72484588623047,5.88887786865234,18.9736652374268
"773",271,54.3737182617188,3.43398714065552,5.47722578048706
"774",271,27.0390148162842,3.82864141464233,6.70820379257202
"775",271,15.0472278594971,4.18965482711792,8.06225776672363
"776",271,36.4353179931641,4.11087369918823,7.74596691131592
"777",271,8.21355247497559,4.11087369918823,7.74596691131592
"778",272,10.1519508361816,5.19849681854248,13.416407585144
"779",273,39.1622161865234,4.79579067230225,10.9544515609741
"780",273,54.5708427429199,5.48479700088501,15.4919338226318
"781",273,16,4.79579067230225,10.9544515609741
"782",273,28.8131408691406,3.58351898193359,5.91607999801636
"783",275,35.9096527099609,5.8021183013916,18.165901184082
"784",275,5.9466118812561,4.51085948944092,9.48683261871338
"785",275,29.2073917388916,4.11087369918823,7.74596691131592
"786",277,59.3347015380859,5.70711040496826,17.3205089569092
"787",277,22.0451736450195,3.93182563781738,7.07106781005859
"788",278,14.9815196990967,5.42053508758545,15
"789",278,36.4024658203125,5.35185813903809,14.4913768768311
"790",278,54.8336753845215,5.60211896896362,16.431676864624
"791",278,6.99794673919678,5.35185813903809,14.4913768768311
"792",278,25.5277214050293,4.79579067230225,10.9544515609741
"793",279,25.1006164550781,5.48479700088501,15.4919338226318
"794",279,6.24229955673218,5.19849681854248,13.416407585144
"795",279,35.4825477600098,5.35185813903809,14.4913768768311
"796",279,14.2915811538696,5.35185813903809,14.4913768768311
"797",279,54.9650917053223,4.11087369918823,7.74596691131592
"798",282,6.57084178924561,4.11087369918823,7.74596691131592
"799",282,29.0102672576904,3.43398714065552,5.47722578048706
"800",282,15.9671459197998,5.35185813903809,14.4913768768311
"801",283,15.9342918395996,4.79579067230225,10.9544515609741
"802",283,23.9507179260254,5.19849681854248,13.416407585144
"803",283,54.1437377929688,5.01727962493896,12.2474489212036
"804",283,36.7967147827148,3.43398714065552,5.47722578048706
"805",284,14.9486656188965,5.01727962493896,12.2474489212036
"806",284,6.20944547653198,5.60211896896362,16.431676864624
"807",284,25.5605754852295,4.51085948944092,9.48683261871338
"808",285,14.6201229095459,3.82864141464233,6.70820379257202
"809",287,28.94455909729,5.17048406600952,13.2287569046021
"810",288,53.8809051513672,4.94876003265381,11.8321599960327
"811",288,27.5975360870361,4.8751974105835,11.4017543792725
"812",288,15.1786451339722,5.35185813903809,14.4913768768311
"813",288,36.5995903015137,5.63835477828979,16.7332000732422
"814",289,6.11088275909424,5.01727962493896,12.2474489212036
"815",289,53.9466133117676,5.01727962493896,12.2474489212036
"816",289,24.9034900665283,6.34738922119141,23.8746719360352
"817",289,36.3696098327637,5.48479700088501,15.4919338226318
"818",289,14.3901433944702,5.01727962493896,12.2474489212036
"819",291,80.0328521728516,4.51085948944092,9.48683261871338
"820",291,21.0266933441162,4.66343927383423,10.2469511032104
"821",291,6.34086227416992,3.43398714065552,5.47722578048706
"822",292,26.217658996582,5.01727962493896,12.2474489212036
"823",292,14.3244352340698,4.79579067230225,10.9544515609741
"824",292,5.84804916381836,5.01727962493896,12.2474489212036
"825",293,37.6180686950684,3.43398714065552,5.47722578048706
"826",293,6.83367538452148,5.48479700088501,15.4919338226318
"827",293,24.7392196655273,4.51085948944092,9.48683261871338
"828",293,14.1273097991943,4.61512041091919,10
"829",293,55.2607803344727,4.11087369918823,7.74596691131592
"830",294,6.63655042648315,5.19849681854248,13.416407585144
"831",294,14.1601638793945,4.61512041091919,10
"832",294,36.3367538452148,4.79579067230225,10.9544515609741
"833",294,26.3490753173828,2.39789533615112,3.16227769851685
"834",294,53.9466133117676,4.79579067230225,10.9544515609741
"835",295,54.2094459533691,4.51085948944092,9.48683261871338
"836",295,14.193018913269,4.79579067230225,10.9544515609741
"837",295,37.0924034118652,3.43398714065552,5.47722578048706
"838",295,6.40657091140747,4.11087369918823,7.74596691131592
"839",295,28.1889114379883,5.19849681854248,13.416407585144
"840",296,16.6570835113525,3.43398714065552,5.47722578048706
"841",297,24.0164279937744,3.43398714065552,5.47722578048706
"842",297,55.3593444824219,4.11087369918823,7.74596691131592
"843",297,36.3039016723633,3.43398714065552,5.47722578048706
"844",297,14.35728931427,4.11087369918823,7.74596691131592
"845",297,5.91375780105591,4.79579067230225,10.9544515609741
"846",298,17.8726902008057,5.01727962493896,12.2474489212036
"847",298,6.37371683120728,5.63835477828979,16.7332000732422
"848",299,16.2956886291504,4.79579067230225,10.9544515609741
"849",299,36.6981506347656,4.51085948944092,9.48683261871338
"850",299,24.5749492645264,5.19849681854248,13.416407585144
"851",299,54.2094459533691,4.79579067230225,10.9544515609741
"852",300,6.20944547653198,5.70711040496826,17.3205089569092
"853",300,14.0616016387939,5.44241762161255,15.16575050354
"854",301,36.5010261535645,3.43398714065552,5.47722578048706
"855",301,14.7186861038208,5.48479700088501,15.4919338226318
"856",301,54.2422981262207,3.43398714065552,5.47722578048706
"857",301,24.0492820739746,4.79579067230225,10.9544515609741
"858",302,28.8131408691406,0,0
"859",302,44.2217674255371,4.79579067230225,10.9544515609741
"860",302,6.7351131439209,5.19849681854248,13.416407585144
"861",302,18.0041065216064,5.01727962493896,12.2474489212036
"862",303,14.2258729934692,5.60211896896362,16.431676864624
"863",303,6.47227907180786,5.94279956817627,19.4935894012451
"864",304,7.91786432266235,5.35185813903809,14.4913768768311
"865",304,54.6036949157715,4.11087369918823,7.74596691131592
"866",304,39.6221771240234,3.43398714065552,5.47722578048706
"867",305,6.99794673919678,4.45434713363647,9.21954441070557
"868",305,14.7186861038208,4.33073329925537,8.66025447845459
"869",306,53.782341003418,4.79579067230225,10.9544515609741
"870",306,25.7576999664307,2.39789533615112,3.16227769851685
"871",306,5.71663236618042,5.35185813903809,14.4913768768311
"872",306,38.8993835449219,3.43398714065552,5.47722578048706
"873",306,14.751540184021,3.43398714065552,5.47722578048706
"874",307,14.7186861038208,3.71357202529907,6.32455539703369
"875",307,7.3593430519104,4.33073329925537,8.66025447845459
"876",308,14.8172483444214,5.88887786865234,18.9736652374268
"877",308,53.782341003418,3.43398714065552,5.47722578048706
"878",308,25.8562622070312,2.39789533615112,3.16227769851685
"879",308,6.14373731613159,4.39444923400879,8.9442720413208
"880",308,35.9753608703613,4.11087369918823,7.74596691131592
"881",309,54.1765899658203,5.19849681854248,13.416407585144
"882",309,35.3511276245117,4.18965482711792,8.06225776672363
"883",309,14.193018913269,5.75574207305908,17.7482395172119
"884",309,23.9507179260254,5.19849681854248,13.416407585144
"885",309,5.9794659614563,5.19849681854248,13.416407585144
"886",310,6.24229955673218,5.35185813903809,14.4913768768311
"887",310,13.5687885284424,5.48479700088501,15.4919338226318
"888",311,8.77207374572754,5.60211896896362,16.431676864624
"889",311,24.2464065551758,5.70711040496826,17.3205089569092
"890",311,14.0287475585938,5.88887786865234,18.9736652374268
"891",314,54.2751541137695,5.35185813903809,14.4913768768311
"892",314,36.0082130432129,5.48479700088501,15.4919338226318
"893",314,6.76796722412109,4.79579067230225,10.9544515609741
"894",314,26.5133476257324,4.8751974105835,11.4017543792725
"895",314,14.0287475585938,5.19849681854248,13.416407585144
"896",315,14.35728931427,4.39444923400879,8.9442720413208
"897",316,25.6262836456299,3.82864141464233,6.70820379257202
"898",316,35.4825477600098,3.43398714065552,5.47722578048706
"899",316,17.3470230102539,5.70711040496826,17.3205089569092
"900",316,6.6036958694458,5.01727962493896,12.2474489212036
"901",316,54.1437377929688,4.79579067230225,10.9544515609741
"902",317,14.0616016387939,5.35185813903809,14.4913768768311
"903",317,6.6036958694458,4.91265487670898,11.6189498901367
"904",318,7.75359344482422,4.51085948944092,9.48683261871338
"905",318,13.9301843643188,4.79579067230225,10.9544515609741
"906",319,25.4620132446289,4.75359010696411,10.7238054275513
"907",319,36.4353179931641,4.51085948944092,9.48683261871338
"908",319,14.1273097991943,4.79579067230225,10.9544515609741
"909",319,6.04517459869385,4.94876003265381,11.8321599960327
"910",320,36.2053375244141,4.11087369918823,7.74596691131592
"911",320,54.3737182617188,5.19849681854248,13.416407585144
"912",320,25.3963031768799,5.60211896896362,16.431676864624
"913",320,5.61806964874268,5.48479700088501,15.4919338226318
"914",320,14.3244352340698,5.48479700088501,15.4919338226318
"915",321,14.0616016387939,4.11087369918823,7.74596691131592
"916",321,36.3039016723633,5.01727962493896,12.2474489212036
"917",321,25.4948673248291,4.79579067230225,10.9544515609741
"918",321,54.3737182617188,4.79579067230225,10.9544515609741
"919",321,7.12936353683472,4.79579067230225,10.9544515609741
"920",322,26.5790557861328,4.11087369918823,7.74596691131592
"921",322,5.88090372085571,5.60211896896362,16.431676864624
"922",322,14.8501024246216,4.51085948944092,9.48683261871338
"923",322,35.3182754516602,4.11087369918823,7.74596691131592
"924",323,25.8234081268311,2.39789533615112,3.16227769851685
"925",323,37.0595474243164,4.51085948944092,9.48683261871338
"926",323,54.9979476928711,4.79579067230225,10.9544515609741
"927",325,7.26078033447266,4.51085948944092,9.48683261871338
"928",325,14.193018913269,4.51085948944092,9.48683261871338
"929",326,13.5359344482422,3.43398714065552,5.47722578048706
"930",326,24.5749492645264,3.04452252388,4.4721360206604
"931",326,6.63655042648315,3.43398714065552,5.47722578048706
"932",326,36.5667343139648,4.11087369918823,7.74596691131592
"933",326,57.2648887634277,3.04452252388,4.4721360206604
"934",327,58.5790557861328,5.04985618591309,12.4498996734619
"935",327,35.6468162536621,5.52545309066772,15.8113880157471
"936",327,16.7556476593018,0,0
"937",327,25.6919918060303,4.11087369918823,7.74596691131592
"938",328,6.27515411376953,5.30330467224121,14.1421356201172
"939",328,13.8316221237183,3.43398714065552,5.47722578048706
"940",329,35.4168395996094,5.35185813903809,14.4913768768311
"941",329,14.1273097991943,6.1441855430603,21.5638580322266
"942",329,6.70225858688354,5.27811479568481,13.9642400741577
"943",329,25.5277214050293,4.51085948944092,9.48683261871338
"944",329,54.5708427429199,5.35185813903809,14.4913768768311
"945",330,13.3388090133667,4.79579067230225,10.9544515609741
"946",330,6.17659139633179,4.26268005371094,8.36660003662109
"947",331,14.6529769897461,5.70711040496826,17.3205089569092
"948",331,35.4825477600098,4.79579067230225,10.9544515609741
"949",331,24.5749492645264,5.01727962493896,12.2474489212036
"950",331,53.8809051513672,6.17586708068848,21.9089031219482
"951",331,7.85215616226196,5.48479700088501,15.4919338226318
"952",333,10.611909866333,4.70953035354614,10.4880886077881
"953",333,16.1314163208008,5.48479700088501,15.4919338226318
"954",335,18.1355228424072,4.11087369918823,7.74596691131592
"955",336,34.9568786621094,4.51085948944092,9.48683261871338
"956",336,54.0780296325684,4.51085948944092,9.48683261871338
"957",336,24.3778228759766,3.43398714065552,5.47722578048706
"958",337,24.114990234375,5.39816284179688,14.8323965072632
"959",337,44.7145805358887,5.8021183013916,18.165901184082
"960",337,54.5051345825195,5.01727962493896,12.2474489212036
"961",338,25.0020542144775,0,0
"962",338,54.4065704345703,5.01727962493896,12.2474489212036
"963",338,6.07802867889404,3.82864141464233,6.70820379257202
"964",338,13.667350769043,2.7725887298584,3.87298345565796
"965",338,35.8439407348633,4.11087369918823,7.74596691131592
"966",339,13.0759754180908,3.43398714065552,5.47722578048706
"967",340,19.1868591308594,2.39789533615112,3.16227769851685
"968",340,6.30800819396973,3.71357202529907,6.32455539703369
"969",341,7.81930208206177,5.8021183013916,18.165901184082
"970",342,13.7987680435181,5.19849681854248,13.416407585144
"971",342,6.20944547653198,5.01727962493896,12.2474489212036
"972",343,54.6365509033203,4.45434713363647,9.21954441070557
"973",343,13.9301843643188,5.01727962493896,12.2474489212036
"974",343,5.9466118812561,0,0
"975",343,39.4579048156738,4.11087369918823,7.74596691131592
"976",344,14.0616016387939,4.79579067230225,10.9544515609741
"977",344,6.6036958694458,5.01727962493896,12.2474489212036
"978",345,5.3552360534668,4.83628177642822,11.1803398132324
"979",345,13.5687885284424,4.51085948944092,9.48683261871338
"980",347,24.5420951843262,3.43398714065552,5.47722578048706
"981",347,54.6365509033203,4.61512041091919,10
"982",347,7.49075984954834,4.51085948944092,9.48683261871338
"983",347,13.7330598831177,4.11087369918823,7.74596691131592
"984",347,35.0554428100586,5.01727962493896,12.2474489212036
"985",348,54.1765899658203,5.22574663162231,13.6014709472656
"986",348,35.8110885620117,5.48479700088501,15.4919338226318
"987",348,5.91375780105591,5.35185813903809,14.4913768768311
"988",348,23.7535934448242,5.48479700088501,15.4919338226318
"989",350,54.6365509033203,5.01727962493896,12.2474489212036
"990",350,6.07802867889404,5.01727962493896,12.2474489212036
"991",350,35.8767967224121,5.67332315444946,17.0293865203857
"992",350,16.3285427093506,5.01727962493896,12.2474489212036
"993",350,25.3305950164795,4.66343927383423,10.2469511032104
"994",351,24.6406574249268,3.43398714065552,5.47722578048706
"995",351,14.4887065887451,4.11087369918823,7.74596691131592
"996",351,55.096508026123,3.43398714065552,5.47722578048706
"997",351,7.03080081939697,4.11087369918823,7.74596691131592
"998",351,36.0082130432129,3.43398714065552,5.47722578048706
"999",352,5.84804916381836,3.71357202529907,6.32455539703369
"1000",352,15.0472278594971,5.75574207305908,17.7482395172119
"1001",353,24.4106769561768,5.19849681854248,13.416407585144
"1002",353,17.0841884613037,4.02535152435303,7.41619825363159
"1003",353,6.27515411376953,4.48863649368286,9.38083171844482
"1004",356,25.4620132446289,4.91265487670898,11.6189498901367
"1005",356,36.993839263916,5.01727962493896,12.2474489212036
"1006",357,36.6981506347656,3.43398714065552,5.47722578048706
"1007",357,6.63655042648315,4.51085948944092,9.48683261871338
"1008",357,56.7063636779785,3.43398714065552,5.47722578048706
"1009",357,24.3449687957764,3.04452252388,4.4721360206604
"1010",359,23.720739364624,4.39444923400879,8.9442720413208
"1011",359,54.3408622741699,5.01727962493896,12.2474489212036
"1012",359,6.50513362884521,4.79579067230225,10.9544515609741
"1013",359,37.1252555847168,4.11087369918823,7.74596691131592
"1014",360,23.0965099334717,4.79579067230225,10.9544515609741
"1015",360,5.71663236618042,4.79579067230225,10.9544515609741
"1016",360,14.1273097991943,4.11087369918823,7.74596691131592
"1017",360,35.8439407348633,3.93182563781738,7.07106781005859
"1018",360,54.6694030761719,4.79579067230225,10.9544515609741
"1019",361,15.1457901000977,4.79579067230225,10.9544515609741
"1020",361,54.8993835449219,4.83628177642822,11.1803398132324
"1021",361,36.5667343139648,4.51085948944092,9.48683261871338
"1022",362,15.4086246490479,4.51085948944092,9.48683261871338
"1023",362,41.1991767883301,4.11087369918823,7.74596691131592
"1024",362,6.43942499160767,4.43081665039062,9.11043357849121
"1025",362,26.0862426757812,4.11087369918823,7.74596691131592
"1026",364,54.0780296325684,5.19849681854248,13.416407585144
"1027",364,38.1108818054199,4.51085948944092,9.48683261871338
"1028",364,7.75359344482422,5.19849681854248,13.416407585144
"1029",364,23.5893230438232,5.35185813903809,14.4913768768311
"1030",365,6.14373731613159,4.79579067230225,10.9544515609741
"1031",365,24.0821361541748,4.11087369918823,7.74596691131592
"1032",365,14.3244352340698,4.51085948944092,9.48683261871338
"1033",365,56.7720756530762,5.25227355957031,13.7840490341187
"1034",365,35.8110885620117,4.51085948944092,9.48683261871338
"1035",366,20.0082130432129,4.51085948944092,9.48683261871338
"1036",366,6.37371683120728,4.79579067230225,10.9544515609741
"1037",367,13.9630393981934,5.62040090560913,16.5831241607666
"1038",368,6.01232051849365,5.48479700088501,15.4919338226318
"1039",368,14.4558525085449,4.11087369918823,7.74596691131592
"1040",370,6.76796722412109,4.61512041091919,10
"1041",371,6.83367538452148,4.79579067230225,10.9544515609741
"1042",371,15.441478729248,5.7397928237915,17.6068172454834
"1043",373,23.556468963623,4.11087369918823,7.74596691131592
"1044",374,23.7864475250244,3.43398714065552,5.47722578048706
"1045",374,15.7700204849243,0,0
"1046",374,60.5831604003906,3.43398714065552,5.47722578048706
"1047",374,37.1581115722656,0,0
"1048",374,6.57084178924561,3.43398714065552,5.47722578048706
"1049",375,15.4743328094482,5.35185813903809,14.4913768768311
"1050",375,9.10061645507812,6.23636960983276,22.583179473877
"1051",376,36.6652984619141,3.43398714065552,5.47722578048706
"1052",376,7.68788480758667,5.7714409828186,17.8885440826416
"1053",376,54.1108818054199,3.43398714065552,5.47722578048706
"1054",376,22.8008213043213,3.43398714065552,5.47722578048706
"1055",377,53.782341003418,4.39444923400879,8.9442720413208
"1056",377,35.7782325744629,4.51085948944092,9.48683261871338
"1057",377,6.83367538452148,4.79579067230225,10.9544515609741
"1058",377,16.2628345489502,3.43398714065552,5.47722578048706
"1059",377,23.3593425750732,5.19849681854248,13.416407585144
"1060",378,6.20944547653198,5.70711040496826,17.3205089569092
"1061",378,15.605749130249,0,0
"1062",378,56.6078033447266,5.48479700088501,15.4919338226318
"1063",378,35.4168395996094,4.79579067230225,10.9544515609741
"1064",378,23.2607803344727,4.51085948944092,9.48683261871338
"1065",379,13.6344966888428,5.19849681854248,13.416407585144
"1066",379,5.3552360534668,5.01727962493896,12.2474489212036
"1067",380,6.11088275909424,4.51085948944092,9.48683261871338
"1068",380,14.6529769897461,4.18965482711792,8.06225776672363
"1069",381,14.0616016387939,4.79579067230225,10.9544515609741
"1070",381,6.24229955673218,4.11087369918823,7.74596691131592
"1071",381,54.7022590637207,4.91265487670898,11.6189498901367
"1072",381,24.443531036377,3.58351898193359,5.91607999801636
"1073",381,35.9425048828125,4.79579067230225,10.9544515609741
"1074",382,16.7556476593018,4.11087369918823,7.74596691131592
"1075",382,6.24229955673218,2.7725887298584,3.87298345565796
"1076",382,23.5236148834229,0,0
"1077",382,36.1396293640137,3.43398714065552,5.47722578048706
"1078",382,55.0307998657227,5.19849681854248,13.416407585144
"1079",383,5.45379877090454,3.25809645652771,5
"1080",383,15.6386041641235,3.43398714065552,5.47722578048706
"1081",383,22.5708427429199,3.71357202529907,6.32455539703369
"1082",385,6.17659139633179,5.60211896896362,16.431676864624
"1083",385,13.503080368042,5.19849681854248,13.416407585144
"1084",386,58.3490753173828,5.01727962493896,12.2474489212036
"1085",386,27.1375770568848,4.11087369918823,7.74596691131592
"1086",386,36.1724853515625,4.51085948944092,9.48683261871338
"1087",386,16.788501739502,4.11087369918823,7.74596691131592
"1088",386,6.43942499160767,4.66343927383423,10.2469511032104
"1089",387,24.114990234375,0,0
"1090",387,6.43942499160767,4.70953035354614,10.4880886077881
"1091",387,18.3655033111572,4.11087369918823,7.74596691131592
"1092",387,36.4024658203125,4.51085948944092,9.48683261871338
"1093",387,54.2422981262207,4.11087369918823,7.74596691131592
"1094",388,54.1437377929688,4.39444923400879,8.9442720413208
"1095",388,6.24229955673218,4.61512041091919,10
"1096",388,24.7063655853271,0,0
"1097",388,40.8049278259277,3.43398714065552,5.47722578048706
"1098",388,19.0882949829102,4.39444923400879,8.9442720413208
"1099",389,14.0287475585938,5.70711040496826,17.3205089569092
"1100",389,7.91786432266235,5.88887786865234,18.9736652374268
"1101",390,6.6036958694458,3.43398714065552,5.47722578048706
"1102",390,15.1457901000977,4.11087369918823,7.74596691131592
"1103",391,14.6201229095459,3.43398714065552,5.47722578048706
"1104",391,54.4394264221191,4.51085948944092,9.48683261871338
"1105",391,24.0164279937744,4.11087369918823,7.74596691131592
"1106",391,5.88090372085571,0,0
"1107",391,36.6652984619141,3.43398714065552,5.47722578048706
"1108",392,36.2710456848145,3.43398714065552,5.47722578048706
"1109",392,18.0041065216064,3.43398714065552,5.47722578048706
"1110",392,30.7843933105469,3.43398714065552,5.47722578048706
"1111",392,8.57494831085205,4.51085948944092,9.48683261871338
"1112",392,58.9404525756836,4.11087369918823,7.74596691131592
"1113",393,8.21355247497559,4.11087369918823,7.74596691131592
"1114",394,8.90349102020264,3.43398714065552,5.47722578048706
"1115",395,8.37782382965088,5.19849681854248,13.416407585144
"1116",395,23.0965099334717,3.43398714065552,5.47722578048706
"1117",396,8.0164270401001,4.51085948944092,9.48683261871338
"1118",396,57.2977409362793,4.51085948944092,9.48683261871338
"1119",396,35.6468162536621,3.82864141464233,6.70820379257202
"1120",396,30.5544147491455,4.79579067230225,10.9544515609741
"1121",397,15.0472278594971,4.51085948944092,9.48683261871338
"1122",397,36.1396293640137,4.11087369918823,7.74596691131592
"1123",397,28.1560573577881,4.11087369918823,7.74596691131592
"1124",398,54.6694030761719,5.19849681854248,13.416407585144
"1125",398,14.2587270736694,4.51085948944092,9.48683261871338
"1126",398,36.7310066223145,3.43398714065552,5.47722578048706
"1127",398,22.7351131439209,4.51085948944092,9.48683261871338
"1128",398,6.24229955673218,4.26268005371094,8.36660003662109
"1129",401,6.37371683120728,5.01727962493896,12.2474489212036
"1130",401,16.4599590301514,4.66343927383423,10.2469511032104
"1131",402,38.1108818054199,3.43398714065552,5.47722578048706
"1132",402,54.7351112365723,5.48479700088501,15.4919338226318
"1133",402,24.3449687957764,3.04452252388,4.4721360206604
"1134",403,9.2977409362793,0,0
"1135",403,13.4373712539673,4.11087369918823,7.74596691131592
"1136",404,6.83367538452148,5.01727962493896,12.2474489212036
"1137",404,14.6529769897461,3.43398714065552,5.47722578048706
"1138",405,36.1396293640137,5.01727962493896,12.2474489212036
"1139",405,55.0307998657227,5.19849681854248,13.416407585144
"1140",405,14.9815196990967,5.70711040496826,17.3205089569092
"1141",405,24.279260635376,5.7397928237915,17.6068172454834
"1142",405,7.26078033447266,5.70711040496826,17.3205089569092
"1143",407,31.1786441802979,4.11087369918823,7.74596691131592
"1144",407,36.5667343139648,3.82864141464233,6.70820379257202
"1145",407,8.80492782592773,5.01727962493896,12.2474489212036
"1146",407,13.8973302841187,5.35185813903809,14.4913768768311
"1147",408,35.7453804016113,5.60211896896362,16.431676864624
"1148",408,14.2258729934692,3.71357202529907,6.32455539703369
"1149",408,7.75359344482422,3.71357202529907,6.32455539703369
"1150",408,27.7289524078369,3.43398714065552,5.47722578048706
"1151",409,6.83367538452148,4.61512041091919,10
"1152",410,6.07802867889404,4.91265487670898,11.6189498901367
"1153",410,55.0307998657227,5.19849681854248,13.416407585144
"1154",410,24.1806983947754,3.71357202529907,6.32455539703369
"1155",410,36.8952789306641,4.39444923400879,8.9442720413208
"1156",411,15.5071868896484,4.79579067230225,10.9544515609741
"1157",412,9.62628364562988,5.01727962493896,12.2474489212036
"1158",414,56.2464065551758,5.01727962493896,12.2474489212036
"1159",414,15.4743328094482,0,0
"1160",414,5.51950740814209,3.43398714065552,5.47722578048706
"1161",415,36.3039016723633,4.79579067230225,10.9544515609741
"1162",415,15.441478729248,5.70711040496826,17.3205089569092
"1163",415,23.885009765625,3.43398714065552,5.47722578048706
"1164",415,5.91375780105591,5.19849681854248,13.416407585144
"1165",415,56.1478424072266,5.01727962493896,12.2474489212036
"1166",416,54.0780296325684,3.43398714065552,5.47722578048706
"1167",416,49.4784393310547,5.01727962493896,12.2474489212036
"1168",416,6.01232051849365,5.19849681854248,13.416407585144
"1169",417,17.0184803009033,4.51085948944092,9.48683261871338
"1170",417,6.01232051849365,4.51085948944092,9.48683261871338
"1171",418,25.2320327758789,0,0
"1172",418,7.88501024246216,0,0
"1173",418,35.6139640808105,3.43398714065552,5.47722578048706
"1174",420,56.6406555175781,4.11087369918823,7.74596691131592
"1175",420,24.7063655853271,0,0
"1176",420,6.14373731613159,5.19849681854248,13.416407585144
"1177",420,36.0082130432129,4.79579067230225,10.9544515609741
"1178",420,14.1601638793945,4.8751974105835,11.4017543792725
"1179",421,6.30800819396973,4.79579067230225,10.9544515609741
"1180",422,15.7700204849243,4.11087369918823,7.74596691131592
"1181",422,8.67351150512695,3.82864141464233,6.70820379257202
"1182",423,15.0472278594971,4.79579067230225,10.9544515609741
"1183",424,8.44353199005127,3.04452252388,4.4721360206604
"1184",426,24.3121147155762,4.79579067230225,10.9544515609741
"1185",426,37.0266952514648,5.48479700088501,15.4919338226318
"1186",426,5.9794659614563,5.27811479568481,13.9642400741577
"1187",426,15.1457901000977,5.60211896896362,16.431676864624
"1188",427,6.76796722412109,3.58351898193359,5.91607999801636
"1189",428,6.34086227416992,5.19849681854248,13.416407585144
"1190",428,26.447639465332,4.79579067230225,10.9544515609741
"1191",429,36.993839263916,4.51085948944092,9.48683261871338
"1192",429,6.47227907180786,4.51085948944092,9.48683261871338
"1193",429,54.8008232116699,5.19849681854248,13.416407585144
"1194",429,29.5687885284424,4.11087369918823,7.74596691131592
"1195",429,14.5544147491455,5.01727962493896,12.2474489212036
"1196",430,38.1437377929688,4.11087369918823,7.74596691131592
"1197",430,28.2217655181885,4.91265487670898,11.6189498901367
"1198",430,55.2279243469238,4.11087369918823,7.74596691131592
"1199",430,8.67351150512695,5.01727962493896,12.2474489212036
"1200",430,14.3901433944702,4.79579067230225,10.9544515609741
"1201",431,36.9281311035156,4.66343927383423,10.2469511032104
"1202",431,54.3408622741699,5.01727962493896,12.2474489212036
"1203",431,16.8213558197021,4.18965482711792,8.06225776672363
"1204",431,8.08213520050049,4.79579067230225,10.9544515609741
"1205",432,27.7946605682373,4.1588830947876,7.93725395202637
"1206",432,37.3880920410156,5.48479700088501,15.4919338226318
"1207",432,8.1478443145752,5.20400667190552,13.4536237716675
"1208",433,54.9979476928711,4.11087369918823,7.74596691131592
"1209",433,14.5544147491455,5.42053508758545,15
"1210",433,6.89938402175903,5.19849681854248,13.416407585144
"1211",433,36.6652984619141,4.51085948944092,9.48683261871338
"1212",433,24.509241104126,0,0
"1213",435,6.17659139633179,4.39444923400879,8.9442720413208
"1214",436,6.17659139633179,2.39789533615112,3.16227769851685
"1215",436,15.8357286453247,0,0
"1216",436,36.0739212036133,0,0
"1217",436,24.7392196655273,2.7725887298584,3.87298345565796
"1218",437,6.57084178924561,5.01727962493896,12.2474489212036
"1219",438,6.47227907180786,5.01727962493896,12.2474489212036
"1220",441,54.1108818054199,3.43398714065552,5.47722578048706
"1221",441,25.2977409362793,4.51085948944092,9.48683261871338
"1222",441,6.50513362884521,4.51085948944092,9.48683261871338
"1223",441,36.2053375244141,5.01727962493896,12.2474489212036
"1224",443,15.1457901000977,5.70711040496826,17.3205089569092
"1225",443,54.6694030761719,4.79579067230225,10.9544515609741
"1226",443,5.9466118812561,4.11087369918823,7.74596691131592
"1227",443,24.114990234375,4.51085948944092,9.48683261871338
"1228",443,49.1827507019043,4.8751974105835,11.4017543792725
"1229",444,39.2936363220215,4.51085948944092,9.48683261871338
"1230",444,7.85215616226196,4.80402088165283,11
"1231",444,70.7022552490234,5.48479700088501,15.4919338226318
"1232",444,29.4702262878418,5.01727962493896,12.2474489212036
"1233",445,6.43942499160767,5.35185813903809,14.4913768768311
"1234",446,24.114990234375,4.51085948944092,9.48683261871338
"1235",446,54.4722785949707,5.35185813903809,14.4913768768311
"1236",446,36.9281311035156,4.51085948944092,9.48683261871338
"1237",446,6.34086227416992,5.56452035903931,16.1245155334473
"1238",446,15.2443532943726,5.14166355133057,13.0384044647217
"1239",447,26.0205345153809,5.01727962493896,12.2474489212036
"1240",447,36.2053375244141,4.79579067230225,10.9544515609741
"1241",447,7.9835729598999,4.79579067230225,10.9544515609741
"1242",447,15.8028745651245,5.60211896896362,16.431676864624
"1243",447,54.8665313720703,4.51085948944092,9.48683261871338
"1244",449,5.51950740814209,4.11087369918823,7.74596691131592
"1245",452,35.6468162536621,5.01727962493896,12.2474489212036
"1246",452,14.9158115386963,5.19849681854248,13.416407585144
"1247",452,6.37371683120728,5.48479700088501,15.4919338226318
"1248",452,54.4065704345703,5.35185813903809,14.4913768768311
"1249",452,28.4846000671387,4.11087369918823,7.74596691131592
"1250",454,6.20944547653198,3.82864141464233,6.70820379257202
"1251",456,6.01232051849365,0,0
"1252",457,26.3490753173828,4.11087369918823,7.74596691131592
"1253",457,6.30800819396973,0,0
"1254",457,35.8110885620117,4.5643482208252,9.74679470062256
"1255",459,7.45790576934814,5.48479700088501,15.4919338226318
"1256",459,50.2340850830078,5.19849681854248,13.416407585144
"1257",459,55.9835739135742,4.79579067230225,10.9544515609741
"1258",459,29.7987670898438,5.42053508758545,15
"1259",460,55.0307998657227,4.70953035354614,10.4880886077881
"1260",460,37.552360534668,5.01727962493896,12.2474489212036
"1261",460,16.0328540802002,5.01727962493896,12.2474489212036
"1262",460,23.1622180938721,3.43398714065552,5.47722578048706
"1263",460,6.37371683120728,5.35185813903809,14.4913768768311
"1264",461,5.71663236618042,3.43398714065552,5.47722578048706
"1265",461,25.4948673248291,0,0
"1266",461,65.3798751831055,2.7725887298584,3.87298345565796
"1267",462,15.5071868896484,5.19849681854248,13.416407585144
"1268",462,6.04517459869385,4.51085948944092,9.48683261871338
"1269",463,22.8993835449219,3.71357202529907,6.32455539703369
"1270",463,35.9425048828125,4.79579067230225,10.9544515609741
"1271",463,6.50513362884521,0,0
"1272",463,58.9075965881348,3.43398714065552,5.47722578048706
"1273",464,45.8644752502441,5.01727962493896,12.2474489212036
"1274",464,6.17659139633179,5.19849681854248,13.416407585144
"1275",464,24.3121147155762,4.11087369918823,7.74596691131592
"1276",465,7.49075984954834,5.70711040496826,17.3205089569092
"1277",466,6.07802867889404,4.51085948944092,9.48683261871338
"1278",466,28.6817245483398,5.60211896896362,16.431676864624
"1279",466,46.3901443481445,5.19849681854248,13.416407585144
"1280",466,55.5236129760742,5.70711040496826,17.3205089569092
"1281",468,26.776180267334,3.43398714065552,5.47722578048706
"1282",468,7.22792625427246,4.26268005371094,8.36660003662109
"1283",468,38.3080101013184,4.5643482208252,9.74679470062256
"1284",468,15.605749130249,3.04452252388,4.4721360206604
"1285",469,14.9486656188965,4.79579067230225,10.9544515609741
"1286",469,6.6036958694458,5.01727962493896,12.2474489212036
"1287",470,15.2114992141724,4.66343927383423,10.2469511032104
"1288",470,6.93223810195923,3.43398714065552,5.47722578048706
"1289",472,13.9630393981934,5.48479700088501,15.4919338226318
"1290",472,23.8521556854248,5.35185813903809,14.4913768768311
"1291",472,36.0410690307617,5.19849681854248,13.416407585144
"1292",472,54.2422981262207,5.48479700088501,15.4919338226318
"1293",472,5.51950740814209,5.60211896896362,16.431676864624
"1294",473,54.5051345825195,5.01727962493896,12.2474489212036
"1295",473,38.012321472168,5.14166355133057,13.0384044647217
"1296",474,24.7392196655273,5.19849681854248,13.416407585144
"1297",474,7.95071887969971,4.11087369918823,7.74596691131592
"1298",474,18.0041065216064,4.79579067230225,10.9544515609741
"1299",475,15.2114992141724,5.01727962493896,12.2474489212036
"1300",475,37.2566719055176,5.01727962493896,12.2474489212036
"1301",475,54.2751541137695,4.70953035354614,10.4880886077881
"1302",475,5.78234100341797,4.11087369918823,7.74596691131592
"1303",475,24.7392196655273,4.51085948944092,9.48683261871338
"1304",476,60.4188919067383,4.11087369918823,7.74596691131592
"1305",477,5.9466118812561,4.11087369918823,7.74596691131592
"1306",478,26.2833671569824,3.43398714065552,5.47722578048706
"1307",478,6.57084178924561,0,0
"1308",478,37.782341003418,4.5643482208252,9.74679470062256
"1309",481,54.3737182617188,5.48479700088501,15.4919338226318
"1310",481,38.1108818054199,5.01727962493896,12.2474489212036
"1311",481,6.83367538452148,4.51085948944092,9.48683261871338
"1312",482,53.9466133117676,6.04263305664062,20.4939022064209
"1313",482,29.0759754180908,5.48479700088501,15.4919338226318
"1314",482,47.441478729248,5.35185813903809,14.4913768768311
"1315",482,6.34086227416992,5.60211896896362,16.431676864624
"1316",485,24.9034900665283,4.94876003265381,11.8321599960327
"1317",486,7.12936353683472,3.43398714065552,5.47722578048706
"1318",486,40.2792625427246,5.8021183013916,18.165901184082
"1319",486,24.279260635376,4.33073329925537,8.66025447845459
"1320",486,54.3737182617188,5.60211896896362,16.431676864624
"1321",487,15.4743328094482,5.48479700088501,15.4919338226318
"1322",487,24.3121147155762,3.43398714065552,5.47722578048706
"1323",487,6.57084178924561,5.35185813903809,14.4913768768311
"1324",487,37.3880920410156,3.43398714065552,5.47722578048706
"1325",487,58.5133476257324,5.35185813903809,14.4913768768311
"1326",491,54.4394264221191,4.79579067230225,10.9544515609741
"1327",491,24.0492820739746,5.48479700088501,15.4919338226318
"1328",491,6.50513362884521,4.39444923400879,8.9442720413208
"1329",491,35.9425048828125,4.51085948944092,9.48683261871338
"1330",491,15.0800819396973,4.26268005371094,8.36660003662109
"1331",492,43.9260787963867,5.19849681854248,13.416407585144
"1332",492,57.2648887634277,4.79579067230225,10.9544515609741
"1333",493,25.1991786956787,5.48479700088501,15.4919338226318
"1334",493,65.2156066894531,5.8021183013916,18.165901184082
"1335",493,6.07802867889404,5.01727962493896,12.2474489212036
"1336",494,6.20944547653198,5.48479700088501,15.4919338226318
"1337",496,6.11088275909424,4.11087369918823,7.74596691131592
"1338",496,42.8747444152832,5.35185813903809,14.4913768768311
"1339",498,37.1909637451172,6.1114673614502,21.2132034301758
"1340",498,6.14373731613159,3.43398714065552,5.47722578048706
"1341",498,68.0739212036133,5.22574663162231,13.6014709472656
"1342",498,26.7104721069336,4.11087369918823,7.74596691131592
"1343",499,5.9794659614563,6.17586708068848,21.9089031219482
"1344",500,46.4229965209961,4.79579067230225,10.9544515609741
"1345",501,5.45379877090454,4.79579067230225,10.9544515609741
"1346",502,43.9589309692383,4.79579067230225,10.9544515609741
"1347",502,6.63655042648315,4.79579067230225,10.9544515609741
"1348",503,5.9794659614563,4.11087369918823,7.74596691131592
"1349",504,6.43942499160767,5.63835477828979,16.7332000732422
"1350",507,6.50513362884521,5.19849681854248,13.416407585144
"1351",508,55.9178657531738,4.51085948944092,9.48683261871338
"1352",508,24.2135524749756,4.11087369918823,7.74596691131592
"1353",508,40.7392196655273,5.01727962493896,12.2474489212036
"1354",509,56.0492820739746,3.43398714065552,5.47722578048706
"1355",509,27.2689933776855,4.11087369918823,7.74596691131592
"1356",510,25.9219703674316,5.19849681854248,13.416407585144
"1357",510,39.8193016052246,5.35185813903809,14.4913768768311
"1358",510,6.11088275909424,4.79579067230225,10.9544515609741
"1359",510,56.5092391967773,4.79579067230225,10.9544515609741
"1360",511,68.7638626098633,5.48479700088501,15.4919338226318
"1361",512,8.96919918060303,3.43398714065552,5.47722578048706
"1362",513,6.24229955673218,3.04452252388,4.4721360206604
"1363",515,25.9876804351807,4.33073329925537,8.66025447845459
"1364",515,42.9075965881348,4.11087369918823,7.74596691131592
"1365",515,6.07802867889404,0,0
"1366",515,67.8767929077148,4.11087369918823,7.74596691131592
"1367",517,55.786449432373,3.82864141464233,6.70820379257202
"1368",517,36.4024658203125,4.11087369918823,7.74596691131592
"1369",517,24.3449687957764,5.35185813903809,14.4913768768311
"1370",518,24.2464065551758,2.7725887298584,3.87298345565796
"1371",518,37.8151931762695,4.51085948944092,9.48683261871338
"1372",518,54.6036949157715,3.43398714065552,5.47722578048706
"1373",521,23.556468963623,4.79579067230225,10.9544515609741
"1374",521,37.5852165222168,5.48479700088501,15.4919338226318
"1375",521,54.6694030761719,5.19849681854248,13.416407585144
"1376",524,55.096508026123,4.79579067230225,10.9544515609741
"1377",524,37.4209442138672,4.94876003265381,11.8321599960327
"1378",524,24.3121147155762,4.14313459396362,7.87400770187378
"1379",525,37.1909637451172,4.35670900344849,8.77496433258057
"1380",525,23.1622180938721,4.11087369918823,7.74596691131592
"1381",526,59.8932228088379,4.11087369918823,7.74596691131592
"1382",526,24.0164279937744,3.71357202529907,6.32455539703369
"1383",526,36.4353179931641,4.51085948944092,9.48683261871338
"1384",528,7.78644752502441,4.79579067230225,10.9544515609741
"1385",532,54.6694030761719,5.88887786865234,18.9736652374268
"1386",532,36.0410690307617,5.70711040496826,17.3205089569092
"1387",532,27.9260787963867,4.79579067230225,10.9544515609741
"1388",535,7.03080081939697,4.11087369918823,7.74596691131592
"1389",536,25.2648868560791,4.79579067230225,10.9544515609741
"1390",536,36.9609870910645,4.79579067230225,10.9544515609741
"1391",536,58.447639465332,5.08140420913696,12.6491107940674
"1392",537,6.7351131439209,4.11087369918823,7.74596691131592
"1393",539,23.1622180938721,4.11087369918823,7.74596691131592
"1394",539,40.0821342468262,5.65599203109741,16.8819427490234
"1395",539,64.9856262207031,4.26268005371094,8.36660003662109
"1396",540,24.114990234375,4.8751974105835,11.4017543792725
"1397",540,6.40657091140747,5.30330467224121,14.1421356201172
"1398",540,55.885009765625,4.79579067230225,10.9544515609741
"1399",540,37.0266952514648,4.79579067230225,10.9544515609741
"1400",541,37.223819732666,3.82864141464233,6.70820379257202
"1401",542,37.2566719055176,5.30330467224121,14.1421356201172
"1402",542,22.9650917053223,4.51085948944092,9.48683261871338
"1403",545,6.89938402175903,3.82864141464233,6.70820379257202
"1404",546,6.27515411376953,3.82864141464233,6.70820379257202
"1405",548,58.447639465332,4.91265487670898,11.6189498901367
"1406",548,23.0308017730713,4.79579067230225,10.9544515609741
"1407",548,37.0595474243164,3.43398714065552,5.47722578048706
"1408",549,6.04517459869385,4.18965482711792,8.06225776672363
"1409",550,25.0349082946777,4.11087369918823,7.74596691131592
"1410",550,38.0780296325684,5.19849681854248,13.416407585144
"1411",550,58.1519508361816,3.43398714065552,5.47722578048706
"1412",552,37.0266952514648,4.51085948944092,9.48683261871338
"1413",552,23.556468963623,4.11087369918823,7.74596691131592
"1414",553,57.987678527832,4.51085948944092,9.48683261871338
"1415",553,23.490758895874,4.79579067230225,10.9544515609741
"1416",553,36.4353179931641,5.19849681854248,13.416407585144
"1417",554,47.9342918395996,5.01727962493896,12.2474489212036
"1418",555,23.885009765625,3.43398714065552,5.47722578048706
"1419",555,36.763858795166,4.51085948944092,9.48683261871338
"1420",557,24.673511505127,3.43398714065552,5.47722578048706
"1421",557,18.8583164215088,3.93182563781738,7.07106781005859
"1422",557,41.7248458862305,4.11087369918823,7.74596691131592
"1423",558,6.43942499160767,4.30406522750854,8.5440034866333
"1424",559,23.6550312042236,4.02535152435303,7.41619825363159
"1425",559,59.4332656860352,5.08140420913696,12.6491107940674
"1426",559,45.7987670898438,5.01727962493896,12.2474489212036
"1427",561,36.2710456848145,5.70711040496826,17.3205089569092
"1428",561,18.5297737121582,5.65599203109741,16.8819427490234
"1429",561,24.3121147155762,4.79579067230225,10.9544515609741
"1430",561,60.4517440795898,5.14166355133057,13.0384044647217
"1431",565,18.3655033111572,3.04452252388,4.4721360206604
"1432",565,11.7618074417114,0,0
"1433",565,24.114990234375,4.11087369918823,7.74596691131592
"1434",565,35.7453804016113,3.43398714065552,5.47722578048706
"1435",566,42.4804916381836,4.27666616439819,8.42614936828613
"1436",566,18.5626277923584,4.79579067230225,10.9544515609741
"1437",568,36.5010261535645,4.79579067230225,10.9544515609741
"1438",568,25.4291572570801,4.11087369918823,7.74596691131592
"1439",568,18.2340869903564,6.34738922119141,23.8746719360352
"1440",568,58.546199798584,4.75359010696411,10.7238054275513
"1441",569,7.16221761703491,4.70953035354614,10.4880886077881
"1442",570,24.5420951843262,3.43398714065552,5.47722578048706
"1443",570,58.8090362548828,5.08140420913696,12.6491107940674
"1444",570,37.223819732666,3.82864141464233,6.70820379257202
"1445",570,17.8726902008057,3.93182563781738,7.07106781005859
"1446",571,6.17659139633179,4.79579067230225,10.9544515609741
"1447",572,37.9137573242188,5.70711040496826,17.3205089569092
"1448",572,25.0020542144775,4.79579067230225,10.9544515609741
"1449",573,17.8069820404053,3.71357202529907,6.32455539703369
"1450",573,24.7392196655273,4.61512041091919,10
"1451",573,37.223819732666,5.01727962493896,12.2474489212036
"1452",573,58.2833671569824,4.39444923400879,8.9442720413208
"1453",574,19.7453804016113,6.23636960983276,22.583179473877
"1454",574,24.114990234375,5.88887786865234,18.9736652374268
"1455",574,38.012321472168,6.17586708068848,21.9089031219482
"1456",575,25.6262836456299,4.11087369918823,7.74596691131592
"1457",576,37.223819732666,5.60211896896362,16.431676864624
"1458",576,26.0862426757812,4.33073329925537,8.66025447845459
"1459",577,46.0944557189941,5.11198759078979,12.845232963562
"1460",577,26.5790557861328,4.11087369918823,7.74596691131592
"1461",579,28.2874736785889,5.48479700088501,15.4919338226318
"1462",580,57.5605735778809,4.79579067230225,10.9544515609741
"1463",580,25.2648868560791,4.51085948944092,9.48683261871338
"1464",580,36.4024658203125,4.79579067230225,10.9544515609741
"1465",583,24.3778228759766,4.51085948944092,9.48683261871338
"1466",583,18.7926082611084,5.48479700088501,15.4919338226318
"1467",583,57.5605735778809,5.01727962493896,12.2474489212036
"1468",583,37.7494850158691,5.14166355133057,13.0384044647217
"1469",586,17.3798770904541,4.51085948944092,9.48683261871338
"1470",586,37.1252555847168,4.5643482208252,9.74679470062256
"1471",586,56.9363441467285,5.14166355133057,13.0384044647217
"1472",587,37.9137573242188,4.11087369918823,7.74596691131592
"1473",587,19.28542137146,4.51085948944092,9.48683261871338
"1474",587,24.3121147155762,4.11087369918823,7.74596691131592
"1475",589,23.3921966552734,5.01727962493896,12.2474489212036
"1476",589,41.2977409362793,5.65599203109741,16.8819427490234
"1477",590,56.443531036377,4.11087369918823,7.74596691131592
"1478",590,24.8377819061279,3.43398714065552,5.47722578048706
"1479",590,36.5667343139648,4.79579067230225,10.9544515609741
"1480",591,23.8521556854248,3.04452252388,4.4721360206604
"1481",591,40.9692001342773,5.48479700088501,15.4919338226318
"1482",592,37.1252555847168,4.11087369918823,7.74596691131592
"1483",592,18.9568786621094,5.19849681854248,13.416407585144
"1484",594,38.8665313720703,4.91265487670898,11.6189498901367
"1485",594,17.2484607696533,4.79579067230225,10.9544515609741
"1486",594,24.279260635376,5.01727962493896,12.2474489212036
"1487",595,23.0965099334717,4.51085948944092,9.48683261871338
"1488",595,37.2895278930664,4.79579067230225,10.9544515609741
"1489",597,57.1334686279297,4.33073329925537,8.66025447845459
"1490",597,39.6221771240234,5.01727962493896,12.2474489212036
"1491",598,36.5338821411133,5.19849681854248,13.416407585144
"1492",600,24.4763851165771,5.35185813903809,14.4913768768311
"1493",600,17.0841884613037,4.66343927383423,10.2469511032104
"1494",600,45.1416854858398,5.35185813903809,14.4913768768311
"1495",601,6.11088275909424,4.61512041091919,10
"1496",604,24.0164279937744,4.11087369918823,7.74596691131592
"1497",604,36.5995903015137,4.79579067230225,10.9544515609741
"1498",604,16.4599590301514,5.19849681854248,13.416407585144
"1499",604,55.5236129760742,5.19849681854248,13.416407585144
"1500",605,24.3449687957764,3.43398714065552,5.47722578048706
"1501",605,16.0985622406006,0,0
"1502",605,36.7310066223145,4.45434713363647,9.21954441070557
"1503",605,55.5893211364746,4.11087369918823,7.74596691131592
"1504",606,6.14373731613159,3.43398714065552,5.47722578048706
"1505",607,24.3778228759766,5.01727962493896,12.2474489212036
"1506",607,36.3696098327637,4.51085948944092,9.48683261871338
"1507",607,17.0184803009033,4.91265487670898,11.6189498901367
"1508",607,55.2279243469238,4.45434713363647,9.21954441070557
"1509",609,35.9753608703613,4.26268005371094,8.36660003662109
"1510",609,18.5954818725586,5.01727962493896,12.2474489212036
"1511",609,24.9363441467285,4.51085948944092,9.48683261871338
"1512",611,25.4948673248291,4.11087369918823,7.74596691131592
"1513",611,39.4579048156738,5.01727962493896,12.2474489212036
"1514",611,16.4599590301514,5.04985618591309,12.4498996734619
"1515",612,24.8706359863281,6.04263305664062,20.4939022064209
"1516",612,55.7207374572754,5.01727962493896,12.2474489212036
"1517",612,39.4907608032227,5.88887786865234,18.9736652374268
"1518",612,17.4784393310547,6.43133115768433,24.8997993469238
"1519",613,37.1581115722656,4.11087369918823,7.74596691131592
"1520",613,23.556468963623,4.79579067230225,10.9544515609741
"1521",613,54.6365509033203,5.70711040496826,17.3205089569092
"1522",614,16.394250869751,5.08140420913696,12.6491107940674
"1523",614,23.2279262542725,5.8021183013916,18.165901184082
"1524",614,54.6036949157715,4.79579067230225,10.9544515609741
"1525",614,36.1724853515625,2.7725887298584,3.87298345565796
"1526",618,16.0985622406006,5.86646795272827,18.7616634368896
"1527",618,41.2977409362793,5.96870756149292,19.7484169006348
"1528",618,54.2751541137695,5.25227355957031,13.7840490341187
"1529",620,55.9507179260254,4.79579067230225,10.9544515609741
"1530",620,35.8767967224121,4.51085948944092,9.48683261871338
"1531",620,25.4948673248291,4.94876003265381,11.8321599960327
"1532",621,22.5708427429199,2.7725887298584,3.87298345565796
"1533",623,36.7310066223145,5.35185813903809,14.4913768768311
"1534",623,24.3449687957764,5.14166355133057,13.0384044647217
"1535",623,55.0636558532715,5.88887786865234,18.9736652374268
"1536",626,36.7967147827148,5.88887786865234,18.9736652374268
"1537",627,27.3675556182861,3.93182563781738,7.07106781005859
"1538",627,37.8480491638184,4.70953035354614,10.4880886077881
"1539",628,16.9856262207031,4.79579067230225,10.9544515609741
"1540",630,36.6324424743652,4.11087369918823,7.74596691131592
"1541",630,17.2484607696533,5.19849681854248,13.416407585144
"1542",630,57.1991767883301,4.66343927383423,10.2469511032104
"1543",630,24.0492820739746,5.01727962493896,12.2474489212036
"1544",634,37.0266952514648,4.02535152435303,7.41619825363159
"1545",635,36.1067771911621,4.51085948944092,9.48683261871338
"1546",635,56.673511505127,4.8751974105835,11.4017543792725
"1547",635,11.5318279266357,4.11087369918823,7.74596691131592
"1548",637,18.4312114715576,4.11087369918823,7.74596691131592
"1549",637,38.3080101013184,5.01727962493896,12.2474489212036
"1550",637,54.4394264221191,5.01727962493896,12.2474489212036
"1551",637,24.279260635376,3.43398714065552,5.47722578048706
"1552",638,36.2381935119629,4.11087369918823,7.74596691131592
"1553",638,27.0390148162842,5.88887786865234,18.9736652374268
"1554",638,15.9671459197998,0,0
"1555",638,54.8665313720703,4.33073329925537,8.66025447845459
"1556",639,60.2217674255371,6.1114673614502,21.2132034301758
"1557",639,36.0082130432129,5.48479700088501,15.4919338226318
"1558",639,25.1991786956787,4.26268005371094,8.36660003662109
"1559",639,15.8357286453247,3.71357202529907,6.32455539703369
"1560",640,38.3080101013184,5.35185813903809,14.4913768768311
"1561",643,36.3039016723633,5.01727962493896,12.2474489212036
"1562",643,24.1806983947754,5.27811479568481,13.9642400741577
"1563",643,10.8418893814087,5.70711040496826,17.3205089569092
"1564",643,55.1293640136719,5.19849681854248,13.416407585144
"1565",644,36.3039016723633,4.94876003265381,11.8321599960327
"1566",644,10.5133466720581,4.11087369918823,7.74596691131592
"1567",644,25.1663246154785,4.79579067230225,10.9544515609741
"1568",646,23.885009765625,4.33073329925537,8.66025447845459
"1569",646,54.7679672241211,4.33073329925537,8.66025447845459
"1570",646,17.3798770904541,4.33073329925537,8.66025447845459
"1571",646,35.9753608703613,2.7725887298584,3.87298345565796
"1572",648,18.2997951507568,4.75359010696411,10.7238054275513
"1573",650,15.441478729248,3.43398714065552,5.47722578048706
"1574",650,28.1232032775879,4.79579067230225,10.9544515609741
"1575",650,10.3490762710571,3.82864141464233,6.70820379257202
"1576",650,36.6324424743652,4.79579067230225,10.9544515609741
"1577",651,15.6386041641235,5.01727962493896,12.2474489212036
"1578",651,54.9979476928711,3.04452252388,4.4721360206604
"1579",651,35.7125244140625,4.39444923400879,8.9442720413208
"1580",651,10.217658996582,4.79579067230225,10.9544515609741
"1581",651,24.9363441467285,4.79579067230225,10.9544515609741
"1582",652,25.4291572570801,5.30330467224121,14.1421356201172
"1583",652,42.7104721069336,5.48479700088501,15.4919338226318
"1584",653,37.6837768554688,3.43398714065552,5.47722578048706
"1585",653,54.2422981262207,4.51085948944092,9.48683261871338
"1586",653,24.9034900665283,4.11087369918823,7.74596691131592
"1587",654,36.6981506347656,5.32787609100342,14.3178215026855
"1588",654,54.4065704345703,5.35185813903809,14.4913768768311
"1589",654,24.0492820739746,3.43398714065552,5.47722578048706
"1590",654,15.2772073745728,4.70953035354614,10.4880886077881
"1591",656,41.2977409362793,4.51085948944092,9.48683261871338
"1592",656,56.903491973877,5.35185813903809,14.4913768768311
"1593",657,11.4332647323608,4.79579067230225,10.9544515609741
"1594",657,16.4271049499512,4.26268005371094,8.36660003662109
"1595",657,35.7782325744629,5.19849681854248,13.416407585144
"1596",657,54.4722785949707,4.51085948944092,9.48683261871338
"1597",658,25.7248458862305,5.11198759078979,12.845232963562
"1598",90006,28.6488704681396,3.82864141464233,6.70820379257202
"1599",90006,42.447639465332,5.08140420913696,12.6491107940674
"1600",90007,31.4743328094482,5.70711040496826,17.3205089569092
"1601",90008,60.2546195983887,5.35185813903809,14.4913768768311
"1602",90026,16.6570835113525,2.39789533615112,3.16227769851685
"1603",90026,5.78234100341797,0,0
"1604",90035,28.3203277587891,4.51085948944092,9.48683261871338
"1605",90035,80.4928131103516,4.66343927383423,10.2469511032104
"1606",90036,6.01232051849365,5.19849681854248,13.416407585144
"1607",90056,27.0390148162842,5.19849681854248,13.416407585144
"1608",90071,43.3018493652344,3.43398714065552,5.47722578048706
"1609",90071,57.7577018737793,5.25227355957031,13.7840490341187
"1610",90071,6.40657091140747,5.19849681854248,13.416407585144
"1611",90078,29.1416835784912,5.30330467224121,14.1421356201172
"1612",90078,6.07802867889404,5.19849681854248,13.416407585144
"1613",90078,40.8706359863281,4.79579067230225,10.9544515609741
"1614",90078,13.5359344482422,4.11087369918823,7.74596691131592
"1615",90078,61.9630393981934,5.01727962493896,12.2474489212036
"1616",90085,60.2546195983887,5.19849681854248,13.416407585144
"1617",90085,48.7556457519531,6.04263305664062,20.4939022064209
"1618",90119,45.9630393981934,4.11087369918823,7.74596691131592
"1619",90119,6.14373731613159,0,0
"1620",90119,63.441478729248,3.43398714065552,5.47722578048706
"1621",90138,44.8459968566895,4.11087369918823,7.74596691131592
"1622",90138,56.7720756530762,4.51085948944092,9.48683261871338
"1623",90138,25.3305950164795,5.14166355133057,13.0384044647217
"1624",90139,23.9507179260254,4.11087369918823,7.74596691131592
"1625",90139,67.8767929077148,4.79579067230225,10.9544515609741
"1626",90154,7.52361392974854,4.51085948944092,9.48683261871338
"1627",90155,6.17659139633179,3.04452252388,4.4721360206604
"1628",90176,7.3593430519104,5.01727962493896,12.2474489212036
"1629",90251,6.34086227416992,4.79579067230225,10.9544515609741
"1630",90259,35.121150970459,4.70953035354614,10.4880886077881
"1631",90369,24.6078033447266,5.52545309066772,15.8113880157471
"1632",90369,54.3737182617188,4.51085948944092,9.48683261871338
"1633",90372,7.32648849487305,4.79579067230225,10.9544515609741
"1634",90372,16.0985622406006,5.60211896896362,16.431676864624
"1635",90406,50.4312133789062,5.19849681854248,13.416407585144
"1636",90425,23.6550312042236,3.43398714065552,5.47722578048706
"1637",90448,36.6652984619141,4.51085948944092,9.48683261871338
"1638",90448,27.9260787963867,4.11087369918823,7.74596691131592
"1639",90448,59.7946624755859,5.19849681854248,13.416407585144
